Date,Price,Change %
05/31/2024,133.501,0.14%
05/30/2024,133.31,-0.03%
05/29/2024,133.35,0.20%
05/28/2024,133.08,0.05%
05/27/2024,133.01,0.04%
05/24/2024,132.96,-0.15%
05/23/2024,133.162,-0.07%
05/22/2024,133.25,-0.03%
05/21/2024,133.29,-0.08%
05/20/2024,133.397,0.04%
05/17/2024,133.34,-0.19%
05/16/2024,133.6,0.00%
05/15/2024,133.6,-0.01%
05/14/2024,133.62,0.01%
05/13/2024,133.603,0.00%
05/10/2024,133.598,0.00%
05/09/2024,133.6,-0.02%
05/08/2024,133.63,0.00%
05/07/2024,133.63,0.04%
05/06/2024,133.58,0.08%
05/03/2024,133.475,-0.06%
05/02/2024,133.55,-0.53%
05/01/2024,134.266,0.59%
04/30/2024,133.48,-0.05%
04/29/2024,133.55,0.16%
04/26/2024,133.34,0.03%
04/25/2024,133.3,-0.02%
04/24/2024,133.32,-0.02%
04/23/2024,133.35,-0.02%
04/22/2024,133.38,-0.13%
04/19/2024,133.55,-0.08%
04/18/2024,133.66,0.12%
04/17/2024,133.497,-0.12%
04/16/2024,133.66,0.10%
04/15/2024,133.52,0.04%
04/12/2024,133.46,0.04%
04/11/2024,133.403,0.23%
04/10/2024,133.1,0.08%
04/09/2024,132.987,-0.23%
04/08/2024,133.3,0.02%
04/05/2024,133.27,-0.17%
04/04/2024,133.5,0.00%
04/03/2024,133.5,0.06%
04/02/2024,133.42,0.08%
04/01/2024,133.316,-0.04%
03/29/2024,133.368,-0.05%
03/28/2024,133.44,0.03%
03/27/2024,133.4,0.11%
03/26/2024,133.25,-0.11%
03/25/2024,133.39,-0.07%
03/22/2024,133.48,0.33%
03/21/2024,133.04,-0.01%
03/20/2024,133.05,0.14%
03/19/2024,132.86,0.16%
03/18/2024,132.65,0.04%
03/15/2024,132.6,0.07%
03/14/2024,132.51,-0.05%
03/13/2024,132.58,0.11%
03/12/2024,132.43,0.02%
03/11/2024,132.41,0.06%
03/08/2024,132.326,-0.10%
03/07/2024,132.46,-0.05%
03/06/2024,132.52,-0.08%
03/05/2024,132.63,0.01%
03/04/2024,132.62,-0.02%
03/01/2024,132.64,-0.02%
02/29/2024,132.66,-0.02%
02/28/2024,132.68,0.03%
02/27/2024,132.64,0.02%
02/26/2024,132.62,-0.06%
02/23/2024,132.7,0.12%
02/22/2024,132.54,-0.16%
02/21/2024,132.75,0.01%
02/20/2024,132.74,-0.06%
02/19/2024,132.823,0.00%
02/16/2024,132.82,-0.04%
02/15/2024,132.87,0.02%
02/14/2024,132.85,0.04%
02/13/2024,132.8,0.00%
02/12/2024,132.8,-0.05%
02/09/2024,132.86,0.10%
02/08/2024,132.73,-0.02%
02/07/2024,132.75,-0.11%
02/06/2024,132.89,0.00%
02/05/2024,132.89,0.17%
02/02/2024,132.67,-0.05%
02/01/2024,132.74,-0.10%
01/31/2024,132.87,-0.08%
01/30/2024,132.97,-0.03%
01/29/2024,133.01,0.09%
01/26/2024,132.891,-0.07%
01/25/2024,132.98,-0.02%
01/24/2024,133.0,-0.03%
01/23/2024,133.04,0.05%
01/22/2024,132.967,0.05%
01/19/2024,132.9,-0.08%
01/18/2024,133.0,-0.02%
01/17/2024,133.02,0.08%
01/16/2024,132.91,0.23%
01/15/2024,132.61,-0.05%
01/12/2024,132.68,-0.12%
01/11/2024,132.84,-0.02%
01/10/2024,132.86,-0.09%
01/09/2024,132.98,-0.03%
01/08/2024,133.02,-0.02%
01/05/2024,133.04,-0.10%
01/04/2024,133.17,-0.05%
01/03/2024,133.24,-0.05%
01/02/2024,133.31,0.10%
01/01/2024,133.18,0.04%
12/29/2023,133.13,0.05%
12/28/2023,133.06,-0.22%
12/27/2023,133.35,0.18%
12/26/2023,133.11,-0.11%
12/25/2023,133.262,0.18%
12/22/2023,133.02,-0.17%
12/21/2023,133.24,0.13%
12/20/2023,133.07,-0.02%
12/19/2023,133.09,0.14%
12/18/2023,132.9,0.08%
12/15/2023,132.8,-0.40%
12/14/2023,133.33,-0.08%
12/13/2023,133.44,0.01%
12/12/2023,133.42,-0.01%
12/11/2023,133.43,0.01%
12/08/2023,133.42,0.04%
12/07/2023,133.36,0.03%
12/06/2023,133.32,-0.07%
12/05/2023,133.41,0.02%
12/04/2023,133.38,0.09%
12/01/2023,133.26,-0.13%
11/30/2023,133.43,0.08%
11/29/2023,133.32,-0.01%
11/28/2023,133.33,-0.05%
11/27/2023,133.395,0.00%
11/24/2023,133.39,0.03%
11/23/2023,133.35,0.03%
11/22/2023,133.31,-0.04%
11/21/2023,133.37,0.02%
11/20/2023,133.34,0.08%
11/17/2023,133.23,0.05%
11/16/2023,133.17,0.11%
11/15/2023,133.03,-0.05%
11/14/2023,133.099,-0.17%
11/13/2023,133.33,-0.01%
11/10/2023,133.34,0.07%
11/09/2023,133.25,0.01%
11/08/2023,133.24,0.02%
11/07/2023,133.21,0.05%
11/06/2023,133.14,-0.09%
11/03/2023,133.26,0.05%
11/02/2023,133.19,-0.05%
11/01/2023,133.25,0.04%
10/31/2023,133.2,0.00%
10/30/2023,133.2,0.01%
10/27/2023,133.19,0.02%
10/26/2023,133.17,0.06%
10/25/2023,133.09,0.10%
10/24/2023,132.955,-0.12%
10/23/2023,133.11,0.08%
10/20/2023,133.0,-0.14%
10/19/2023,133.19,-0.02%
10/18/2023,133.21,0.00%
10/17/2023,133.21,-0.02%
10/16/2023,133.24,0.02%
10/13/2023,133.22,0.02%
10/12/2023,133.19,0.07%
10/11/2023,133.1,-0.07%
10/10/2023,133.19,-0.02%
10/09/2023,133.22,0.02%
10/06/2023,133.19,-0.01%
10/05/2023,133.2,0.02%
10/04/2023,133.18,0.04%
10/03/2023,133.13,-0.03%
10/02/2023,133.166,0.23%
09/29/2023,132.86,-0.18%
09/28/2023,133.1,-0.04%
09/27/2023,133.15,-0.02%
09/26/2023,133.17,0.11%
09/25/2023,133.03,0.26%
09/22/2023,132.69,-0.19%
09/21/2023,132.94,0.02%
09/20/2023,132.92,-0.23%
09/19/2023,133.22,-0.01%
09/18/2023,133.23,0.10%
09/15/2023,133.1,0.19%
09/14/2023,132.85,0.05%
09/13/2023,132.78,0.08%
09/12/2023,132.68,-0.13%
09/11/2023,132.85,0.11%
09/08/2023,132.71,-0.32%
09/07/2023,133.14,0.10%
09/06/2023,133.01,0.11%
09/05/2023,132.86,0.35%
09/04/2023,132.4,0.05%
09/01/2023,132.34,-0.09%
08/31/2023,132.46,0.07%
08/30/2023,132.37,0.03%
08/29/2023,132.33,0.09%
08/28/2023,132.21,-0.02%
08/25/2023,132.24,0.09%
08/24/2023,132.12,-0.14%
08/23/2023,132.3,-0.30%
08/22/2023,132.7,-0.20%
08/21/2023,132.97,0.01%
08/18/2023,132.96,-0.06%
08/17/2023,133.04,-0.09%
08/16/2023,133.159,0.34%
08/15/2023,132.71,-0.01%
08/14/2023,132.72,0.13%
08/11/2023,132.55,0.16%
08/10/2023,132.34,-0.12%
08/09/2023,132.5,-0.02%
08/08/2023,132.52,0.11%
08/07/2023,132.37,-0.13%
08/04/2023,132.54,0.14%
08/03/2023,132.36,0.17%
08/02/2023,132.13,0.40%
08/01/2023,131.61,0.02%
07/31/2023,131.59,-0.01%
07/28/2023,131.6,0.39%
07/27/2023,131.09,-0.08%
07/26/2023,131.19,0.15%
07/25/2023,130.99,0.07%
07/24/2023,130.9,-0.16%
07/21/2023,131.11,-0.05%
07/20/2023,131.18,-0.13%
07/19/2023,131.35,0.08%
07/18/2023,131.25,-0.01%
07/17/2023,131.26,-0.15%
07/14/2023,131.46,0.11%
07/13/2023,131.32,-0.21%
07/12/2023,131.6,-0.14%
07/11/2023,131.78,-0.24%
07/10/2023,132.1,-0.21%
07/07/2023,132.38,0.27%
07/06/2023,132.02,0.35%
07/05/2023,131.56,0.25%
07/04/2023,131.23,0.08%
07/03/2023,131.13,-0.10%
06/30/2023,131.26,0.09%
06/29/2023,131.139,-0.12%
06/28/2023,131.29,0.04%
06/27/2023,131.24,-0.02%
06/26/2023,131.26,0.00%
06/23/2023,131.26,0.11%
06/22/2023,131.12,-0.11%
06/21/2023,131.26,-0.10%
06/20/2023,131.39,0.22%
06/19/2023,131.1,0.01%
06/16/2023,131.09,-0.30%
06/15/2023,131.48,0.10%
06/14/2023,131.35,-0.33%
06/13/2023,131.79,-0.08%
06/12/2023,131.89,-0.04%
06/09/2023,131.94,-0.12%
06/08/2023,132.1,0.02%
06/07/2023,132.08,-0.07%
06/06/2023,132.17,-0.08%
06/05/2023,132.27,0.44%
06/02/2023,131.69,-0.12%
06/01/2023,131.85,-0.39%
05/31/2023,132.36,0.02%
05/30/2023,132.34,0.11%
05/29/2023,132.2,0.06%
05/26/2023,132.12,-0.20%
05/25/2023,132.38,0.09%
05/24/2023,132.26,-0.17%
05/23/2023,132.48,-0.03%
05/22/2023,132.52,0.20%
05/19/2023,132.26,0.08%
05/18/2023,132.16,0.27%
05/17/2023,131.81,0.21%
05/16/2023,131.53,-0.11%
05/15/2023,131.67,0.16%
05/12/2023,131.46,0.09%
05/11/2023,131.34,0.12%
05/10/2023,131.18,-0.06%
05/09/2023,131.26,0.30%
05/08/2023,130.87,-0.01%
05/04/2023,130.88,-0.02%
05/03/2023,130.91,-0.08%
05/02/2023,131.01,0.07%
04/28/2023,130.92,-0.02%
04/27/2023,130.94,0.09%
04/26/2023,130.82,-0.18%
04/25/2023,131.06,0.01%
04/24/2023,131.05,-0.22%
04/21/2023,131.34,-0.08%
04/20/2023,131.44,-0.09%
04/19/2023,131.56,0.23%
04/18/2023,131.26,0.08%
04/17/2023,131.16,0.15%
04/13/2023,130.96,-0.27%
04/12/2023,131.32,-0.06%
04/11/2023,131.4,0.18%
04/10/2023,131.17,0.13%
04/07/2023,131.0,-0.02%
04/06/2023,131.02,-0.14%
04/05/2023,131.2,-0.40%
04/03/2023,131.73,0.21%
03/31/2023,131.46,-0.21%
03/29/2023,131.74,0.18%
03/28/2023,131.5,-0.22%
03/27/2023,131.79,-0.14%
03/24/2023,131.97,0.27%
03/23/2023,131.62,-0.46%
03/22/2023,132.23,-0.02%
03/21/2023,132.25,0.02%
03/20/2023,132.22,0.11%
03/17/2023,132.08,-0.22%
03/16/2023,132.37,0.17%
03/15/2023,132.15,0.13%
03/14/2023,131.98,0.44%
03/13/2023,131.4,0.11%
03/10/2023,131.26,0.08%
03/09/2023,131.16,-0.10%
03/08/2023,131.29,0.19%
03/07/2023,131.04,-0.02%
03/06/2023,131.06,-0.06%
03/03/2023,131.14,-0.76%
03/02/2023,132.15,0.11%
03/01/2023,132.0,-0.20%
02/28/2023,132.26,-0.21%
02/27/2023,132.54,0.11%
02/24/2023,132.4,0.02%
02/23/2023,132.37,-0.14%
02/22/2023,132.56,0.08%
02/21/2023,132.46,0.08%
02/20/2023,132.36,-0.13%
02/17/2023,132.53,0.14%
02/16/2023,132.34,-0.11%
02/15/2023,132.48,0.05%
02/14/2023,132.41,0.05%
02/13/2023,132.35,0.27%
02/10/2023,132.0,-0.02%
02/09/2023,132.02,0.02%
02/08/2023,131.99,-0.25%
02/07/2023,132.32,-0.03%
02/06/2023,132.36,1.10%
02/03/2023,130.92,-0.43%
02/02/2023,131.48,0.31%
02/01/2023,131.07,0.00%
01/31/2023,131.07,0.52%
01/30/2023,130.39,-0.04%
01/27/2023,130.44,-0.08%
01/25/2023,130.54,-0.16%
01/24/2023,130.75,0.41%
01/23/2023,130.22,0.33%
01/20/2023,129.79,-0.30%
01/19/2023,130.18,0.15%
01/18/2023,129.98,-0.64%
01/17/2023,130.82,0.18%
01/16/2023,130.58,0.35%
01/13/2023,130.12,-0.28%
01/12/2023,130.48,-0.03%
01/11/2023,130.52,-0.26%
01/10/2023,130.86,-0.70%
01/09/2023,131.78,-0.43%
01/06/2023,132.35,0.20%
01/05/2023,132.09,-0.29%
01/04/2023,132.48,-0.10%
01/03/2023,132.61,0.17%
01/02/2023,132.38,0.02%
12/30/2022,132.35,-0.10%
12/29/2022,132.48,-0.07%
12/28/2022,132.57,0.01%
12/27/2022,132.56,0.24%
12/26/2022,132.24,-0.25%
12/23/2022,132.57,0.11%
12/22/2022,132.42,-0.05%
12/21/2022,132.48,0.05%
12/20/2022,132.41,0.06%
12/19/2022,132.33,-0.20%
12/16/2022,132.59,0.13%
12/15/2022,132.42,0.36%
12/14/2022,131.94,-0.42%
12/13/2022,132.49,0.33%
12/12/2022,132.05,0.32%
12/09/2022,131.63,-0.18%
12/08/2022,131.87,-0.06%
12/07/2022,131.95,-0.17%
12/06/2022,132.18,1.01%
12/05/2022,130.86,0.58%
12/02/2022,130.11,0.13%
12/01/2022,129.94,-0.26%
11/30/2022,130.28,-0.36%
11/29/2022,130.75,0.06%
11/28/2022,130.67,-0.02%
11/25/2022,130.7,0.07%
11/24/2022,130.61,-0.26%
11/23/2022,130.95,0.22%
11/22/2022,130.66,-0.21%
11/21/2022,130.94,0.18%
11/18/2022,130.7,0.05%
11/17/2022,130.64,0.43%
11/16/2022,130.08,0.25%
11/15/2022,129.75,-0.21%
11/14/2022,130.02,0.58%
11/11/2022,129.27,-1.24%
11/10/2022,130.89,0.45%
11/09/2022,130.3,-0.59%
11/07/2022,131.07,-0.63%
11/04/2022,131.9,-0.54%
11/03/2022,132.61,0.12%
11/02/2022,132.45,0.11%
11/01/2022,132.31,-0.11%
10/31/2022,132.45,0.38%
10/28/2022,131.95,-0.02%
10/27/2022,131.98,-0.29%
10/25/2022,132.36,0.06%
10/21/2022,132.28,-0.11%
10/20/2022,132.42,-0.31%
10/19/2022,132.83,0.80%
10/18/2022,131.78,0.02%
10/17/2022,131.76,0.00%
10/14/2022,131.76,0.01%
10/13/2022,131.75,0.04%
10/12/2022,131.7,0.00%
10/11/2022,131.7,-0.01%
10/10/2022,131.71,0.00%
10/07/2022,131.71,0.53%
10/06/2022,131.01,0.44%
10/04/2022,130.43,-0.44%
10/03/2022,131.0,0.66%
09/30/2022,130.14,-0.64%
09/29/2022,130.98,-0.09%
09/28/2022,131.1,0.44%
09/27/2022,130.53,-0.05%
09/26/2022,130.6,0.79%
09/23/2022,129.58,0.15%
09/22/2022,129.38,1.11%
09/21/2022,127.96,0.28%
09/20/2022,127.6,-0.02%
09/19/2022,127.63,0.04%
09/16/2022,127.58,0.05%
09/15/2022,127.52,0.33%
09/14/2022,127.1,0.36%
09/13/2022,126.64,-0.47%
09/12/2022,127.24,-0.07%
09/09/2022,127.33,-0.16%
09/08/2022,127.54,-0.23%
09/07/2022,127.84,0.08%
09/06/2022,127.74,-0.01%
09/05/2022,127.75,0.06%
09/02/2022,127.67,0.30%
09/01/2022,127.29,0.13%
08/30/2022,127.12,-0.64%
08/29/2022,127.94,0.13%
08/26/2022,127.78,-0.02%
08/25/2022,127.81,0.09%
08/24/2022,127.69,-0.07%
08/23/2022,127.78,-0.01%
08/22/2022,127.79,0.12%
08/19/2022,127.64,0.13%
08/18/2022,127.48,0.29%
08/17/2022,127.11,-0.27%
08/12/2022,127.45,0.02%
08/11/2022,127.42,0.15%
08/10/2022,127.23,-0.18%
08/08/2022,127.46,0.54%
08/05/2022,126.77,-0.29%
08/04/2022,127.14,0.38%
08/03/2022,126.66,0.57%
08/02/2022,125.94,-0.39%
08/01/2022,126.43,-0.29%
07/29/2022,126.8,-0.63%
07/28/2022,127.61,-0.18%
07/27/2022,127.84,0.15%
07/26/2022,127.65,0.06%
07/25/2022,127.57,-0.16%
07/22/2022,127.77,-0.11%
07/21/2022,127.91,-0.05%
07/20/2022,127.98,0.06%
07/19/2022,127.9,-0.04%
07/18/2022,127.95,0.12%
07/15/2022,127.8,0.00%
07/14/2022,127.8,0.31%
07/13/2022,127.41,0.04%
07/12/2022,127.36,0.20%
07/11/2022,127.1,0.24%
07/08/2022,126.8,0.09%
07/07/2022,126.68,-0.16%
07/06/2022,126.88,-0.09%
07/05/2022,126.99,0.53%
07/04/2022,126.32,-0.12%
07/01/2022,126.47,0.09%
06/30/2022,126.35,0.29%
06/29/2022,125.99,-0.03%
06/28/2022,126.03,0.55%
06/27/2022,125.34,-0.01%
06/24/2022,125.35,0.06%
06/23/2022,125.28,-0.11%
06/22/2022,125.42,0.40%
06/21/2022,124.92,0.13%
06/20/2022,124.76,-0.12%
06/17/2022,124.91,0.00%
06/16/2022,124.91,0.01%
06/15/2022,124.9,0.10%
06/14/2022,124.78,-0.06%
06/13/2022,124.86,0.26%
06/10/2022,124.53,0.09%
06/09/2022,124.42,0.04%
06/08/2022,124.37,0.02%
06/07/2022,124.34,0.10%
06/06/2022,124.21,0.01%
06/03/2022,124.2,0.02%
06/02/2022,124.17,0.11%
06/01/2022,124.03,-0.15%
05/31/2022,124.22,0.13%
05/30/2022,124.06,-0.03%
05/27/2022,124.1,-0.02%
05/26/2022,124.12,0.06%
05/25/2022,124.04,-0.07%
05/24/2022,124.13,0.09%
05/23/2022,124.02,-0.05%
05/20/2022,124.08,-0.23%
05/19/2022,124.36,0.19%
05/18/2022,124.13,0.02%
05/17/2022,124.1,0.15%
05/13/2022,123.92,0.05%
05/12/2022,123.86,0.23%
05/11/2022,123.58,-0.12%
05/10/2022,123.73,-0.17%
05/09/2022,123.94,0.72%
05/06/2022,123.06,0.86%
05/05/2022,122.01,-0.20%
05/04/2022,122.26,-0.13%
05/02/2022,122.42,0.11%
04/29/2022,122.28,-0.07%
04/28/2022,122.37,-0.07%
04/27/2022,122.45,-0.07%
04/26/2022,122.53,-0.14%
04/25/2022,122.7,0.27%
04/22/2022,122.37,0.44%
04/21/2022,121.83,-0.09%
04/20/2022,121.94,-0.38%
04/19/2022,122.41,0.33%
04/18/2022,122.01,0.11%
04/13/2022,121.88,0.06%
04/12/2022,121.81,0.24%
04/11/2022,121.52,0.07%
04/08/2022,121.43,-0.09%
04/07/2022,121.54,0.27%
04/06/2022,121.21,0.58%
04/05/2022,120.51,-0.30%
04/04/2022,120.87,-0.32%
03/31/2022,121.26,-0.16%
03/30/2022,121.46,-0.09%
03/29/2022,121.57,-0.23%
03/28/2022,121.85,-0.06%
03/25/2022,121.92,-0.21%
03/24/2022,122.18,0.08%
03/23/2022,122.08,0.16%
03/22/2022,121.88,0.08%
03/21/2022,121.78,0.42%
03/17/2022,121.27,-0.61%
03/16/2022,122.02,-0.46%
03/15/2022,122.58,0.07%
03/14/2022,122.5,-0.03%
03/11/2022,122.54,0.37%
03/10/2022,122.09,-0.33%
03/09/2022,122.5,-0.45%
03/08/2022,123.05,-0.07%
03/07/2022,123.14,1.05%
03/04/2022,121.86,0.33%
03/03/2022,121.46,0.28%
03/02/2022,121.12,0.48%
02/28/2022,120.54,0.07%
02/25/2022,120.46,-0.48%
02/24/2022,121.04,1.47%
02/23/2022,119.29,-0.43%
02/22/2022,119.8,0.49%
02/21/2022,119.21,-0.21%
02/18/2022,119.46,-0.60%
02/17/2022,120.18,0.05%
02/16/2022,120.12,-0.34%
02/15/2022,120.53,-0.36%
02/14/2022,120.97,0.30%
02/11/2022,120.61,0.59%
02/10/2022,119.9,0.18%
02/09/2022,119.69,0.08%
02/08/2022,119.6,0.08%
02/04/2022,119.51,-0.23%
02/03/2022,119.78,0.03%
02/02/2022,119.74,0.07%
02/01/2022,119.66,0.23%
01/31/2022,119.38,-0.57%
01/28/2022,120.06,-0.04%
01/27/2022,120.11,0.39%
01/25/2022,119.64,0.28%
01/24/2022,119.3,0.20%
01/21/2022,119.06,-0.12%
01/20/2022,119.2,0.10%
01/19/2022,119.08,-0.19%
01/18/2022,119.31,0.45%
01/17/2022,118.78,0.12%
01/14/2022,118.64,0.36%
01/13/2022,118.21,-0.04%
01/12/2022,118.26,0.01%
01/11/2022,118.25,-0.18%
01/10/2022,118.46,-0.36%
01/07/2022,118.89,-0.24%
01/06/2022,119.18,0.17%
01/05/2022,118.98,-0.25%
01/04/2022,119.28,0.39%
01/03/2022,118.82,-0.09%
12/31/2021,118.93,-0.11%
12/30/2021,119.06,-0.43%
12/29/2021,119.58,0.12%
12/28/2021,119.44,-0.46%
12/27/2021,119.99,-0.03%
12/24/2021,120.03,-0.29%
12/23/2021,120.38,-0.41%
12/22/2021,120.88,-0.07%
12/21/2021,120.96,-0.40%
12/20/2021,121.45,-0.24%
12/17/2021,121.74,0.00%
12/16/2021,121.74,-0.19%
12/15/2021,121.97,0.49%
12/14/2021,121.38,0.13%
12/13/2021,121.22,0.00%
12/10/2021,121.22,0.32%
12/09/2021,120.83,0.09%
12/08/2021,120.72,0.02%
12/07/2021,120.7,0.02%
12/06/2021,120.67,0.34%
12/03/2021,120.26,0.23%
12/02/2021,119.99,0.12%
12/01/2021,119.85,-0.34%
11/30/2021,120.26,0.08%
11/29/2021,120.16,0.31%
11/26/2021,119.79,0.48%
11/25/2021,119.22,0.16%
11/24/2021,119.03,-0.04%
11/23/2021,119.08,0.04%
11/22/2021,119.03,0.21%
11/18/2021,118.78,-0.04%
11/17/2021,118.83,-0.14%
11/16/2021,119.0,-0.14%
11/15/2021,119.17,0.06%
11/12/2021,119.1,-0.10%
11/11/2021,119.22,0.17%
11/10/2021,119.02,0.47%
11/09/2021,118.46,0.03%
11/08/2021,118.42,-0.60%
11/03/2021,119.13,-0.29%
11/02/2021,119.48,-0.25%
11/01/2021,119.78,-0.02%
10/29/2021,119.8,-0.06%
10/28/2021,119.87,-0.14%
10/27/2021,120.04,0.09%
10/26/2021,119.93,-0.16%
10/25/2021,120.12,0.25%
10/22/2021,119.82,0.03%
10/21/2021,119.78,-0.01%
10/20/2021,119.79,-0.62%
10/18/2021,120.54,0.11%
10/14/2021,120.41,-0.14%
10/13/2021,120.58,-0.20%
10/12/2021,120.82,0.21%
10/11/2021,120.57,0.49%
10/08/2021,119.98,0.28%
10/07/2021,119.64,-0.27%
10/06/2021,119.96,0.71%
10/05/2021,119.11,0.18%
10/04/2021,118.9,0.27%
10/01/2021,118.58,-0.15%
09/30/2021,118.76,0.10%
09/29/2021,118.64,0.15%
09/28/2021,118.46,0.27%
09/27/2021,118.14,0.20%
09/24/2021,117.91,0.07%
09/23/2021,117.83,-0.30%
09/22/2021,118.19,0.35%
09/21/2021,117.78,-0.17%
09/20/2021,117.98,0.36%
09/17/2021,117.56,-0.05%
09/16/2021,117.62,0.03%
09/15/2021,117.58,-0.25%
09/14/2021,117.88,0.01%
09/13/2021,117.87,0.23%
09/09/2021,117.6,-0.14%
09/08/2021,117.76,0.25%
09/07/2021,117.47,0.43%
09/06/2021,116.97,0.12%
09/03/2021,116.83,-0.05%
09/02/2021,116.89,-0.04%
09/01/2021,116.94,0.12%
08/31/2021,116.8,-0.36%
08/30/2021,117.22,-0.57%
08/27/2021,117.89,-0.72%
08/26/2021,118.74,-0.04%
08/25/2021,118.79,0.07%
08/24/2021,118.71,-0.03%
08/23/2021,118.74,-0.24%
08/20/2021,119.02,0.20%
08/18/2021,118.78,-0.15%
08/17/2021,118.96,0.13%
08/13/2021,118.8,-0.01%
08/12/2021,118.81,-0.24%
08/11/2021,119.09,0.02%
08/10/2021,119.07,0.21%
08/09/2021,118.82,0.13%
08/06/2021,118.66,0.00%
08/05/2021,118.66,-0.03%
08/04/2021,118.7,-0.13%
08/03/2021,118.85,-0.08%
08/02/2021,118.94,-0.10%
07/30/2021,119.06,0.17%
07/29/2021,118.86,-0.12%
07/28/2021,119.0,-0.12%
07/27/2021,119.14,0.06%
07/26/2021,119.07,0.03%
07/23/2021,119.04,-0.08%
07/22/2021,119.14,-0.20%
07/20/2021,119.38,-0.34%
07/19/2021,119.79,0.41%
07/16/2021,119.3,0.03%
07/15/2021,119.26,-0.06%
07/14/2021,119.33,0.12%
07/13/2021,119.19,-0.10%
07/12/2021,119.31,-0.09%
07/09/2021,119.42,-0.09%
07/08/2021,119.53,0.13%
07/07/2021,119.38,0.09%
07/06/2021,119.27,0.33%
07/05/2021,118.88,-0.59%
07/02/2021,119.58,0.23%
07/01/2021,119.3,0.32%
06/30/2021,118.92,0.14%
06/29/2021,118.75,0.04%
06/28/2021,118.7,-0.02%
06/25/2021,118.72,0.05%
06/24/2021,118.66,-0.14%
06/23/2021,118.83,-0.13%
06/22/2021,118.98,0.35%
06/21/2021,118.56,0.32%
06/18/2021,118.18,-0.29%
06/17/2021,118.52,1.02%
06/16/2021,117.32,0.02%
06/15/2021,117.3,0.06%
06/14/2021,117.23,0.27%
06/11/2021,116.91,0.03%
06/10/2021,116.88,0.10%
06/09/2021,116.76,0.12%
06/08/2021,116.62,0.12%
06/07/2021,116.48,-0.27%
06/04/2021,116.79,0.12%
06/03/2021,116.65,-0.25%
06/02/2021,116.94,0.27%
06/01/2021,116.63,0.39%
05/31/2021,116.18,0.24%
05/28/2021,115.9,-0.21%
05/27/2021,116.14,-0.25%
05/25/2021,116.43,-0.27%
05/24/2021,116.74,0.18%
05/21/2021,116.53,-0.37%
05/20/2021,116.96,-0.09%
05/19/2021,117.06,0.16%
05/18/2021,116.87,-0.23%
05/17/2021,117.14,-0.10%
05/14/2021,117.26,-0.18%
05/12/2021,117.47,0.11%
05/11/2021,117.34,-0.02%
05/10/2021,117.36,-0.22%
05/07/2021,117.62,-0.33%
05/06/2021,118.01,-0.21%
05/05/2021,118.26,0.08%
05/04/2021,118.16,-0.08%
05/03/2021,118.26,-0.20%
04/30/2021,118.5,0.03%
04/29/2021,118.46,-0.42%
04/28/2021,118.96,-0.40%
04/27/2021,119.44,-0.08%
04/26/2021,119.54,-0.40%
04/23/2021,120.02,0.08%
04/22/2021,119.92,0.10%
04/20/2021,119.8,0.00%
04/19/2021,119.8,0.71%
04/16/2021,118.96,-0.76%
04/15/2021,119.87,-0.19%
04/12/2021,120.1,0.43%
04/09/2021,119.58,0.20%
04/08/2021,119.34,0.05%
04/07/2021,119.28,1.52%
04/06/2021,117.49,0.20%
04/05/2021,117.26,0.25%
03/31/2021,116.97,-0.37%
03/30/2021,117.41,1.20%
03/26/2021,116.02,-0.15%
03/25/2021,116.19,0.09%
03/24/2021,116.09,0.19%
03/23/2021,115.87,0.08%
03/22/2021,115.78,-0.20%
03/19/2021,116.01,-0.03%
03/18/2021,116.05,-0.02%
03/17/2021,116.07,-0.01%
03/16/2021,116.08,0.10%
03/15/2021,115.96,-0.42%
03/12/2021,116.45,-0.17%
03/10/2021,116.65,-0.02%
03/09/2021,116.67,-0.45%
03/08/2021,117.2,0.33%
03/05/2021,116.82,0.25%
03/04/2021,116.53,0.16%
03/03/2021,116.34,-0.88%
03/02/2021,117.37,-0.25%
03/01/2021,117.66,0.10%
02/26/2021,117.54,1.45%
02/25/2021,115.86,0.13%
02/24/2021,115.71,-0.19%
02/23/2021,115.93,-0.07%
02/22/2021,116.01,-0.20%
02/18/2021,116.24,-0.12%
02/17/2021,116.38,0.07%
02/16/2021,116.3,0.00%
02/15/2021,116.3,-0.09%
02/12/2021,116.4,-0.14%
02/11/2021,116.56,0.02%
02/10/2021,116.54,-0.07%
02/09/2021,116.62,-0.10%
02/08/2021,116.74,0.05%
02/05/2021,116.68,-0.03%
02/04/2021,116.72,-0.01%
02/03/2021,116.73,-0.01%
02/02/2021,116.74,-0.08%
02/01/2021,116.83,0.09%
01/29/2021,116.72,-0.12%
01/28/2021,116.86,0.16%
01/27/2021,116.67,-0.03%
01/25/2021,116.7,-0.05%
01/22/2021,116.76,-0.02%
01/21/2021,116.78,-0.06%
01/20/2021,116.85,-0.18%
01/19/2021,117.06,-0.15%
01/18/2021,117.24,0.28%
01/15/2021,116.91,0.04%
01/14/2021,116.86,-0.15%
01/13/2021,117.03,-0.15%
01/12/2021,117.21,-0.17%
01/11/2021,117.41,0.20%
01/08/2021,117.18,-0.12%
01/07/2021,117.32,0.31%
01/06/2021,116.96,-0.10%
01/05/2021,117.08,0.21%
01/04/2021,116.83,-0.14%
01/01/2021,116.99,0.08%
12/31/2020,116.9,-0.33%
12/30/2020,117.29,-0.16%
12/29/2020,117.48,-0.11%
12/28/2020,117.61,-0.05%
12/24/2020,117.67,-0.30%
12/23/2020,118.02,-0.10%
12/22/2020,118.14,0.08%
12/21/2020,118.04,0.30%
12/18/2020,117.69,-0.06%
12/17/2020,117.76,0.04%
12/16/2020,117.71,-0.09%
12/15/2020,117.82,0.08%
12/14/2020,117.72,-0.10%
12/11/2020,117.84,-0.01%
12/10/2020,117.85,0.13%
12/09/2020,117.7,0.06%
12/08/2020,117.63,-0.51%
12/07/2020,118.23,0.13%
12/04/2020,118.08,-0.14%
12/03/2020,118.24,0.14%
12/02/2020,118.08,0.16%
12/01/2020,117.89,-0.50%
11/27/2020,118.48,0.22%
11/26/2020,118.22,-0.03%
11/25/2020,118.26,-0.13%
11/24/2020,118.41,-0.13%
11/23/2020,118.56,-0.08%
11/20/2020,118.66,-0.13%
11/19/2020,118.82,0.09%
11/18/2020,118.71,-0.36%
11/17/2020,119.14,-0.18%
11/13/2020,119.36,-0.07%
11/12/2020,119.44,0.36%
11/11/2020,119.01,0.27%
11/10/2020,118.69,0.03%
11/09/2020,118.66,-0.05%
11/06/2020,118.72,-0.25%
11/05/2020,119.02,-0.47%
11/04/2020,119.58,0.45%
11/03/2020,119.05,-0.03%
11/02/2020,119.08,0.44%
10/29/2020,118.56,0.30%
10/28/2020,118.2,0.23%
10/27/2020,117.93,-0.19%
10/26/2020,118.16,0.31%
10/23/2020,117.79,0.12%
10/22/2020,117.65,-0.07%
10/21/2020,117.73,0.16%
10/20/2020,117.54,0.13%
10/19/2020,117.39,0.03%
10/16/2020,117.35,-0.05%
10/15/2020,117.41,0.11%
10/14/2020,117.28,-0.08%
10/13/2020,117.37,0.12%
10/12/2020,117.23,0.19%
10/09/2020,117.01,-0.15%
10/08/2020,117.18,-0.14%
10/07/2020,117.34,-0.15%
10/06/2020,117.52,0.22%
10/05/2020,117.26,0.20%
10/01/2020,117.03,-0.84%
09/30/2020,118.02,-0.12%
09/29/2020,118.16,0.10%
09/28/2020,118.04,0.22%
09/25/2020,117.78,-0.38%
09/24/2020,118.23,0.44%
09/23/2020,117.71,-0.02%
09/22/2020,117.73,0.28%
09/21/2020,117.4,-0.09%
09/18/2020,117.51,-0.28%
09/17/2020,117.84,0.17%
09/16/2020,117.64,-0.16%
09/15/2020,117.83,0.23%
09/14/2020,117.56,-0.08%
09/11/2020,117.66,0.11%
09/10/2020,117.53,-0.10%
09/09/2020,117.65,-0.08%
09/08/2020,117.75,0.35%
09/07/2020,117.34,0.27%
09/04/2020,117.02,-0.45%
09/03/2020,117.55,0.61%
09/02/2020,116.84,0.22%
09/01/2020,116.58,-1.02%
08/31/2020,117.78,0.31%
08/28/2020,117.42,-0.58%
08/27/2020,118.1,-0.65%
08/26/2020,118.87,-0.03%
08/25/2020,118.91,0.01%
08/24/2020,118.9,-0.70%
08/21/2020,119.74,-0.25%
08/20/2020,120.04,0.28%
08/19/2020,119.71,0.08%
08/18/2020,119.61,-0.18%
08/17/2020,119.82,-0.02%
08/14/2020,119.84,0.08%
08/13/2020,119.74,0.01%
08/12/2020,119.73,0.08%
08/11/2020,119.63,-0.17%
08/10/2020,119.83,-0.04%
08/07/2020,119.88,-0.01%
08/06/2020,119.895,-0.01%
08/05/2020,119.91,-0.15%
08/04/2020,120.09,0.05%
08/03/2020,120.03,0.27%
07/31/2020,119.705,-0.04%
07/30/2020,119.75,0.05%
07/29/2020,119.685,-0.04%
07/28/2020,119.735,0.00%
07/27/2020,119.74,0.00%
07/24/2020,119.735,0.09%
07/23/2020,119.625,0.01%
07/22/2020,119.615,0.00%
07/21/2020,119.61,-0.23%
07/20/2020,119.88,-0.12%
07/17/2020,120.03,-0.23%
07/16/2020,120.31,0.06%
07/15/2020,120.24,-0.36%
07/14/2020,120.67,0.30%
07/13/2020,120.31,-0.02%
07/10/2020,120.33,0.28%
07/09/2020,120.0,-0.02%
07/08/2020,120.03,0.10%
07/07/2020,119.905,0.36%
07/06/2020,119.48,0.05%
07/03/2020,119.415,-0.51%
07/02/2020,120.025,-0.76%
07/01/2020,120.95,0.12%
06/30/2020,120.81,-0.11%
06/29/2020,120.94,-0.08%
06/26/2020,121.04,-0.02%
06/25/2020,121.065,-0.07%
06/24/2020,121.15,0.09%
06/23/2020,121.04,-0.49%
06/22/2020,121.64,-0.22%
06/19/2020,121.905,0.06%
06/18/2020,121.83,-0.02%
06/17/2020,121.85,-0.08%
06/16/2020,121.945,0.25%
06/15/2020,121.64,0.24%
06/12/2020,121.35,0.08%
06/11/2020,121.255,0.26%
06/10/2020,120.945,-0.03%
06/09/2020,120.985,0.10%
06/08/2020,120.87,-0.06%
06/05/2020,120.94,0.01%
06/04/2020,120.93,0.15%
06/03/2020,120.745,0.13%
06/02/2020,120.59,-0.23%
06/01/2020,120.87,-0.10%
05/29/2020,120.99,-0.17%
05/28/2020,121.2,0.04%
05/27/2020,121.15,0.07%
05/26/2020,121.065,-0.38%
05/22/2020,121.53,0.46%
05/21/2020,120.975,-0.25%
05/20/2020,121.275,0.21%
05/19/2020,121.025,-0.36%
05/18/2020,121.46,0.46%
05/15/2020,120.905,0.00%
05/14/2020,120.905,0.12%
05/13/2020,120.76,-0.04%
05/12/2020,120.81,-0.31%
05/11/2020,121.185,0.26%
05/08/2020,120.87,-0.28%
05/06/2020,121.215,0.17%
05/05/2020,121.01,-0.11%
05/04/2020,121.145,0.80%
04/30/2020,120.185,-0.76%
04/29/2020,121.11,-0.66%
04/28/2020,121.91,-0.07%
04/27/2020,121.99,-0.28%
04/24/2020,122.33,0.50%
04/23/2020,121.72,-0.78%
04/22/2020,122.68,-0.22%
04/21/2020,122.945,0.39%
04/20/2020,122.465,0.19%
04/17/2020,122.23,-0.61%
04/16/2020,122.985,0.55%
04/15/2020,122.31,0.22%
04/13/2020,122.04,-0.02%
04/09/2020,122.065,-0.11%
04/08/2020,122.2,0.98%
04/07/2020,121.01,-0.76%
04/03/2020,121.935,0.72%
03/31/2020,121.065,0.07%
03/30/2020,120.985,1.01%
03/27/2020,119.77,-0.40%
03/26/2020,120.25,-0.96%
03/24/2020,121.415,-0.56%
03/23/2020,122.095,1.49%
03/20/2020,120.305,0.13%
03/19/2020,120.145,1.11%
03/18/2020,118.83,0.00%
03/17/2020,118.835,0.04%
03/16/2020,118.785,0.53%
03/13/2020,118.16,-0.55%
03/12/2020,118.815,0.82%
03/11/2020,117.845,-0.64%
03/10/2020,118.6,0.00%
03/09/2020,118.6,0.53%
03/06/2020,117.975,0.52%
03/05/2020,117.36,0.20%
03/04/2020,117.13,-0.07%
03/03/2020,117.215,0.72%
03/02/2020,116.375,0.71%
02/28/2020,115.56,0.85%
02/27/2020,114.585,-0.05%
02/26/2020,114.64,-0.21%
02/25/2020,114.885,-0.18%
02/24/2020,115.095,0.44%
02/21/2020,114.595,0.00%
02/20/2020,114.595,0.11%
02/19/2020,114.47,0.00%
02/18/2020,114.47,0.33%
02/17/2020,114.095,-0.11%
02/14/2020,114.225,0.10%
02/13/2020,114.11,-0.06%
02/12/2020,114.175,0.12%
02/11/2020,114.04,-0.05%
02/10/2020,114.095,-0.14%
02/07/2020,114.25,0.28%
02/06/2020,113.935,0.02%
02/05/2020,113.915,-0.09%
02/04/2020,114.015,-0.10%
02/03/2020,114.13,-0.02%
01/31/2020,114.15,-0.20%
01/30/2020,114.38,0.32%
01/29/2020,114.01,-0.11%
01/28/2020,114.13,-0.15%
01/27/2020,114.305,0.15%
01/24/2020,114.13,0.09%
01/23/2020,114.03,0.10%
01/22/2020,113.92,-0.01%
01/21/2020,113.93,0.14%
01/20/2020,113.77,0.03%
01/17/2020,113.735,0.23%
01/16/2020,113.47,0.15%
01/15/2020,113.305,-0.10%
01/14/2020,113.415,0.03%
01/13/2020,113.385,-0.11%
01/10/2020,113.51,-0.38%
01/09/2020,113.945,-0.67%
01/08/2020,114.71,-0.20%
01/07/2020,114.935,-0.14%
01/06/2020,115.095,0.19%
01/03/2020,114.88,0.60%
01/02/2020,114.2,0.21%
01/01/2020,113.965,-0.22%
12/31/2019,114.215,0.09%
12/30/2019,114.11,-0.06%
12/27/2019,114.175,0.06%
12/26/2019,114.105,0.07%
12/25/2019,114.03,0.00%
12/24/2019,114.03,0.12%
12/23/2019,113.89,0.08%
12/20/2019,113.8,0.13%
12/19/2019,113.655,0.08%
12/18/2019,113.56,0.00%
12/17/2019,113.56,-0.03%
12/16/2019,113.59,0.25%
12/13/2019,113.305,-0.03%
12/12/2019,113.335,-0.01%
12/11/2019,113.345,-0.11%
12/10/2019,113.475,-0.17%
12/09/2019,113.665,-0.22%
12/06/2019,113.91,-0.13%
12/05/2019,114.055,-0.35%
12/04/2019,114.45,-0.20%
12/03/2019,114.675,0.02%
12/02/2019,114.65,-0.12%
11/29/2019,114.79,0.18%
11/28/2019,114.58,0.36%
11/27/2019,114.17,-0.18%
11/26/2019,114.38,-0.34%
11/25/2019,114.77,0.02%
11/22/2019,114.745,-0.07%
11/21/2019,114.825,-0.07%
11/20/2019,114.905,0.15%
11/19/2019,114.735,-0.19%
11/18/2019,114.955,0.09%
11/15/2019,114.855,-0.26%
11/14/2019,115.16,-0.16%
11/13/2019,115.35,0.89%
11/12/2019,114.335,0.00%
11/11/2019,114.335,0.23%
11/08/2019,114.07,0.46%
11/07/2019,113.55,-0.02%
11/06/2019,113.575,0.41%
11/05/2019,113.11,-0.11%
11/04/2019,113.24,-0.06%
11/01/2019,113.305,-0.15%
10/31/2019,113.48,0.06%
10/30/2019,113.415,0.06%
10/29/2019,113.35,-0.06%
10/28/2019,113.415,0.00%
10/25/2019,113.415,-0.18%
10/24/2019,113.625,0.14%
10/23/2019,113.465,-0.03%
10/22/2019,113.495,-0.29%
10/21/2019,113.83,0.00%
10/18/2019,113.83,-0.03%
10/17/2019,113.865,-0.38%
10/16/2019,114.305,-0.14%
10/15/2019,114.47,0.43%
10/14/2019,113.975,0.29%
10/11/2019,113.64,-0.07%
10/10/2019,113.72,0.00%
10/09/2019,113.72,0.07%
10/08/2019,113.64,0.00%
10/07/2019,113.64,0.20%
10/04/2019,113.415,0.00%
10/03/2019,113.415,-0.28%
10/02/2019,113.735,0.00%
10/01/2019,113.735,0.30%
09/30/2019,113.4,0.44%
09/27/2019,112.9,-0.45%
09/26/2019,113.415,-0.21%
09/25/2019,113.655,0.04%
09/24/2019,113.615,0.11%
09/23/2019,113.495,-0.01%
09/20/2019,113.51,-0.53%
09/19/2019,114.115,0.12%
09/18/2019,113.975,-0.77%
09/17/2019,114.855,0.26%
09/16/2019,114.555,0.96%
09/13/2019,113.47,-0.30%
09/12/2019,113.815,-0.73%
09/11/2019,114.65,-0.07%
09/10/2019,114.73,0.00%
09/09/2019,114.73,-0.03%
09/06/2019,114.76,-0.17%
09/05/2019,114.95,-0.38%
09/04/2019,115.39,-0.40%
09/03/2019,115.85,1.40%
09/02/2019,114.25,0.00%
08/30/2019,114.25,-0.56%
08/29/2019,114.89,0.04%
08/28/2019,114.84,0.41%
08/27/2019,114.375,-0.75%
08/26/2019,115.24,0.50%
08/23/2019,114.665,-0.21%
08/22/2019,114.905,0.35%
08/21/2019,114.505,-0.20%
08/20/2019,114.73,0.38%
08/19/2019,114.295,0.39%
08/16/2019,113.85,-0.17%
08/15/2019,114.04,0.00%
08/14/2019,114.04,-0.18%
08/13/2019,114.25,0.85%
08/12/2019,113.29,0.00%
08/09/2019,113.29,0.16%
08/08/2019,113.11,-0.28%
08/07/2019,113.425,0.11%
08/06/2019,113.305,0.10%
08/05/2019,113.19,1.66%
08/02/2019,111.345,0.77%
08/01/2019,110.49,0.38%
07/31/2019,110.07,-0.10%
07/30/2019,110.185,0.19%
07/29/2019,109.975,-0.24%
07/26/2019,110.245,-0.20%
07/25/2019,110.47,0.09%
07/24/2019,110.37,0.05%
07/23/2019,110.31,0.04%
07/22/2019,110.27,0.16%
07/19/2019,110.09,-0.22%
07/18/2019,110.33,0.20%
07/17/2019,110.105,0.15%
07/16/2019,109.945,0.26%
07/15/2019,109.665,-0.21%
07/12/2019,109.895,0.35%
07/11/2019,109.51,-0.18%
07/10/2019,109.71,0.04%
07/09/2019,109.67,-0.17%
07/08/2019,109.86,0.35%
07/05/2019,109.48,-0.11%
07/04/2019,109.6,-0.60%
07/03/2019,110.265,-0.02%
07/02/2019,110.29,-0.03%
07/01/2019,110.32,-0.10%
06/28/2019,110.43,-0.07%
06/27/2019,110.505,-0.13%
06/26/2019,110.65,-0.27%
06/25/2019,110.95,-0.02%
06/24/2019,110.97,-0.29%
06/21/2019,111.29,0.16%
06/20/2019,111.11,-0.35%
06/19/2019,111.495,-0.03%
06/18/2019,111.53,-0.29%
06/17/2019,111.85,0.14%
06/14/2019,111.69,0.42%
06/13/2019,111.225,0.25%
06/12/2019,110.95,-0.14%
06/11/2019,111.11,-0.31%
06/10/2019,111.45,0.26%
06/07/2019,111.16,0.30%
06/06/2019,110.83,0.01%
06/05/2019,110.815,0.00%
06/04/2019,110.815,0.00%
06/03/2019,110.815,-0.61%
05/31/2019,111.49,-0.28%
05/30/2019,111.8,0.06%
05/29/2019,111.735,0.20%
05/28/2019,111.51,0.28%
05/27/2019,111.2,-0.04%
05/24/2019,111.25,-0.69%
05/23/2019,112.025,0.50%
05/22/2019,111.465,-0.07%
05/21/2019,111.545,-0.04%
05/20/2019,111.585,-0.69%
05/17/2019,112.36,0.28%
05/16/2019,112.05,-0.44%
05/15/2019,112.545,-0.14%
05/14/2019,112.705,-0.13%
05/13/2019,112.855,0.89%
05/10/2019,111.865,-0.04%
05/09/2019,111.91,0.33%
05/08/2019,111.545,0.41%
05/07/2019,111.09,0.03%
05/06/2019,111.055,0.28%
05/03/2019,110.75,-0.21%
05/02/2019,110.985,-0.29%
05/01/2019,111.305,0.00%
04/30/2019,111.305,-0.64%
04/29/2019,112.025,0.00%
04/26/2019,112.025,-0.34%
04/25/2019,112.41,0.55%
04/24/2019,111.8,0.36%
04/23/2019,111.4,-0.07%
04/22/2019,111.48,0.46%
04/19/2019,110.975,0.00%
04/18/2019,110.975,-0.35%
04/17/2019,111.37,0.00%
04/16/2019,111.37,0.26%
04/15/2019,111.08,0.39%
04/12/2019,110.65,0.34%
04/11/2019,110.28,-0.28%
04/10/2019,110.585,-0.26%
04/09/2019,110.87,-0.55%
04/08/2019,111.48,0.65%
04/05/2019,110.76,0.09%
04/04/2019,110.665,1.08%
04/03/2019,109.48,-0.47%
04/02/2019,110.0,-0.59%
04/01/2019,110.65,0.00%
03/29/2019,110.65,-0.27%
03/28/2019,110.95,0.68%
03/27/2019,110.2,0.01%
03/26/2019,110.185,-0.10%
03/25/2019,110.295,-0.03%
03/22/2019,110.33,0.19%
03/21/2019,110.12,0.00%
03/20/2019,110.12,-0.21%
03/19/2019,110.355,0.64%
03/18/2019,109.65,-0.81%
03/15/2019,110.55,-0.38%
03/14/2019,110.97,-0.27%
03/13/2019,111.265,-0.24%
03/12/2019,111.53,-0.25%
03/11/2019,111.815,-0.38%
03/08/2019,112.24,0.21%
03/07/2019,112.0,-0.40%
03/06/2019,112.455,-0.29%
03/05/2019,112.785,-0.59%
03/04/2019,113.455,0.00%
03/01/2019,113.455,0.26%
02/28/2019,113.16,-0.70%
02/27/2019,113.96,0.22%
02/26/2019,113.71,0.12%
02/25/2019,113.57,-0.23%
02/22/2019,113.83,-0.16%
02/21/2019,114.01,0.20%
02/20/2019,113.785,-0.32%
02/19/2019,114.15,0.00%
02/18/2019,114.15,0.17%
02/15/2019,113.96,0.08%
02/14/2019,113.865,0.52%
02/13/2019,113.28,0.13%
02/12/2019,113.13,-0.65%
02/11/2019,113.87,-0.19%
02/08/2019,114.09,-0.21%
02/07/2019,114.33,-0.14%
02/06/2019,114.49,-0.01%
02/05/2019,114.505,-0.34%
02/04/2019,114.89,0.79%
02/01/2019,113.99,0.23%
01/31/2019,113.73,-0.06%
01/30/2019,113.795,0.01%
01/29/2019,113.785,0.01%
01/28/2019,113.77,-0.11%
01/25/2019,113.89,0.15%
01/24/2019,113.72,-0.37%
01/23/2019,114.145,-0.14%
01/22/2019,114.305,0.22%
01/21/2019,114.05,0.14%
01/18/2019,113.895,0.19%
01/17/2019,113.68,-0.27%
01/16/2019,113.99,0.29%
01/15/2019,113.665,0.15%
01/14/2019,113.495,0.63%
01/11/2019,112.785,0.10%
01/10/2019,112.67,-0.07%
01/09/2019,112.745,0.37%
01/08/2019,112.33,0.75%
01/07/2019,111.495,-0.06%
01/04/2019,111.56,-0.67%
01/03/2019,112.31,0.03%
01/02/2019,112.28,1.04%
01/01/2019,111.125,-0.46%
12/31/2018,111.64,-0.24%
12/28/2018,111.91,-0.59%
12/27/2018,112.57,0.40%
12/26/2018,112.12,-0.09%
12/25/2018,112.225,0.00%
12/24/2018,112.225,-0.01%
12/21/2018,112.24,0.64%
12/20/2018,111.53,-0.99%
12/19/2018,112.65,-0.05%
12/18/2018,112.71,-1.55%
12/17/2018,114.48,-0.49%
12/14/2018,115.04,0.30%
12/13/2018,114.695,-0.46%
12/12/2018,115.225,0.22%
12/11/2018,114.97,0.72%
12/10/2018,114.15,0.76%
12/07/2018,113.29,-0.14%
12/06/2018,113.45,0.63%
12/05/2018,112.745,-0.04%
12/04/2018,112.79,0.05%
12/03/2018,112.73,1.24%
11/30/2018,111.35,-0.36%
11/29/2018,111.75,-1.11%
11/28/2018,113.0,-0.20%
11/27/2018,113.23,-0.15%
11/26/2018,113.4,0.28%
11/23/2018,113.08,0.00%
11/22/2018,113.08,-1.09%
11/21/2018,114.33,0.00%
11/20/2018,114.33,-0.26%
11/19/2018,114.63,-0.39%
11/16/2018,115.08,-0.08%
11/15/2018,115.175,-0.45%
11/14/2018,115.695,-0.49%
11/13/2018,116.27,-0.31%
11/12/2018,116.63,0.55%
11/09/2018,115.99,-0.69%
11/08/2018,116.8,0.00%
11/07/2018,116.8,0.00%
11/06/2018,116.8,-0.17%
11/05/2018,117.0,0.94%
11/02/2018,115.905,-1.38%
11/01/2018,117.53,-0.68%
10/31/2018,118.33,0.37%
10/30/2018,117.89,0.32%
10/29/2018,117.51,-0.02%
10/26/2018,117.535,0.24%
10/25/2018,117.25,0.17%
10/24/2018,117.05,-0.56%
10/23/2018,117.71,0.01%
10/22/2018,117.695,0.32%
10/19/2018,117.32,-0.37%
10/18/2018,117.76,0.00%
10/17/2018,117.76,0.18%
10/16/2018,117.545,-0.50%
10/15/2018,118.135,0.37%
10/12/2018,117.705,-0.75%
10/11/2018,118.6,-0.11%
10/10/2018,118.73,-0.25%
10/09/2018,119.03,0.44%
10/08/2018,118.505,0.40%
10/05/2018,118.03,0.25%
10/04/2018,117.73,0.32%
10/03/2018,117.35,0.59%
10/02/2018,116.665,0.00%
10/01/2018,116.665,0.59%
09/28/2018,115.975,-0.15%
09/27/2018,116.15,-0.02%
09/26/2018,116.175,-0.12%
09/25/2018,116.31,0.08%
09/24/2018,116.215,0.60%
09/21/2018,115.52,-0.24%
09/20/2018,115.8,0.00%
09/19/2018,115.8,-0.83%
09/18/2018,116.77,0.64%
09/17/2018,116.025,0.93%
09/14/2018,114.96,-0.47%
09/13/2018,115.505,0.00%
09/12/2018,115.505,-0.69%
09/11/2018,116.31,0.33%
09/10/2018,115.93,1.01%
09/07/2018,114.775,-0.36%
09/06/2018,115.185,0.33%
09/05/2018,114.81,0.24%
09/04/2018,114.535,0.52%
09/03/2018,113.945,0.31%
08/31/2018,113.59,0.35%
08/30/2018,113.19,0.21%
08/29/2018,112.95,0.70%
08/28/2018,112.17,-0.08%
08/27/2018,112.265,0.37%
08/24/2018,111.855,-0.30%
08/23/2018,112.19,0.43%
08/22/2018,111.705,0.00%
08/21/2018,111.705,-0.01%
08/20/2018,111.72,-0.47%
08/17/2018,112.25,0.00%
08/16/2018,112.25,0.37%
08/15/2018,111.84,0.00%
08/14/2018,111.84,-0.05%
08/13/2018,111.9,1.61%
08/10/2018,110.13,0.22%
08/09/2018,109.89,0.08%
08/08/2018,109.8,-0.09%
08/07/2018,109.895,-0.29%
08/06/2018,110.215,0.40%
08/03/2018,109.775,-0.14%
08/02/2018,109.93,0.40%
08/01/2018,109.495,-0.16%
07/31/2018,109.67,-0.19%
07/30/2018,109.88,0.03%
07/27/2018,109.85,-0.01%
07/26/2018,109.865,-0.17%
07/25/2018,110.055,-0.24%
07/24/2018,110.315,0.13%
07/23/2018,110.175,0.02%
07/20/2018,110.15,-0.30%
07/19/2018,110.48,0.62%
07/18/2018,109.8,0.25%
07/17/2018,109.53,-0.17%
07/16/2018,109.72,0.07%
07/13/2018,109.64,-0.07%
07/12/2018,109.72,-0.29%
07/11/2018,110.04,-0.08%
07/10/2018,110.13,0.16%
07/09/2018,109.95,-0.23%
07/06/2018,110.205,-0.10%
07/05/2018,110.32,0.30%
07/04/2018,109.985,0.23%
07/03/2018,109.73,-0.32%
07/02/2018,110.08,0.48%
06/29/2018,109.55,-0.47%
06/28/2018,110.07,0.27%
06/27/2018,109.775,0.54%
06/26/2018,109.19,0.17%
06/25/2018,109.0,0.42%
06/22/2018,108.545,-0.21%
06/21/2018,108.775,-0.13%
06/20/2018,108.92,-0.45%
06/19/2018,109.415,0.58%
06/18/2018,108.785,-0.04%
06/15/2018,108.825,0.58%
06/14/2018,108.2,-0.03%
06/13/2018,108.235,0.24%
06/12/2018,107.975,0.09%
06/11/2018,107.875,-0.12%
06/08/2018,108.01,0.57%
06/07/2018,107.4,0.31%
06/06/2018,107.07,-0.34%
06/05/2018,107.44,0.05%
06/04/2018,107.385,0.08%
06/01/2018,107.295,-0.52%
05/31/2018,107.855,-0.03%
05/30/2018,107.89,-0.64%
05/29/2018,108.585,0.64%
05/28/2018,107.895,-0.51%
05/25/2018,108.45,-0.83%
05/24/2018,109.355,-0.11%
05/23/2018,109.48,0.56%
05/22/2018,108.87,-0.12%
05/21/2018,109.0,0.17%
05/18/2018,108.815,0.45%
05/17/2018,108.33,-0.13%
05/16/2018,108.475,-0.41%
05/15/2018,108.92,0.83%
05/14/2018,108.025,0.27%
05/11/2018,107.73,0.03%
05/10/2018,107.7,0.07%
05/09/2018,107.625,0.27%
05/08/2018,107.33,-0.08%
05/07/2018,107.415,0.40%
05/04/2018,106.985,0.33%
05/03/2018,106.635,-0.02%
05/02/2018,106.655,-0.01%
05/01/2018,106.665,0.00%
04/30/2018,106.665,0.00%
04/27/2018,106.665,-0.14%
04/26/2018,106.81,-0.22%
04/25/2018,107.05,0.79%
04/24/2018,106.21,-0.15%
04/23/2018,106.37,0.54%
04/20/2018,105.8,0.50%
04/19/2018,105.27,0.20%
04/18/2018,105.065,0.03%
04/17/2018,105.035,0.23%
04/16/2018,104.79,0.44%
04/13/2018,104.33,-0.08%
04/12/2018,104.415,-0.09%
04/11/2018,104.505,0.50%
04/10/2018,103.985,-0.05%
04/09/2018,104.035,0.08%
04/06/2018,103.95,0.00%
04/05/2018,103.95,-0.28%
04/04/2018,104.24,0.21%
04/03/2018,104.025,-0.24%
04/02/2018,104.28,0.00%
03/30/2018,104.28,0.00%
03/29/2018,104.28,0.00%
03/28/2018,104.28,0.30%
03/27/2018,103.97,0.17%
03/26/2018,103.79,-0.22%
03/23/2018,104.015,-0.15%
03/22/2018,104.17,-0.16%
03/21/2018,104.335,0.02%
03/20/2018,104.31,0.03%
03/19/2018,104.275,0.37%
03/16/2018,103.895,0.00%
03/15/2018,103.895,0.17%
03/14/2018,103.72,-0.11%
03/13/2018,103.83,-0.23%
03/12/2018,104.065,-0.20%
03/09/2018,104.27,0.04%
03/08/2018,104.23,0.40%
03/07/2018,103.815,-0.12%
03/06/2018,103.935,-0.23%
03/05/2018,104.175,-0.10%
03/02/2018,104.28,0.00%
03/01/2018,104.28,-0.01%
02/28/2018,104.295,0.48%
02/27/2018,103.8,0.13%
02/26/2018,103.67,0.09%
02/23/2018,103.575,-0.48%
02/22/2018,104.07,0.44%
02/21/2018,103.615,-0.05%
02/20/2018,103.67,0.90%
02/19/2018,102.745,0.00%
02/16/2018,102.745,0.47%
02/15/2018,102.265,-0.28%
02/14/2018,102.55,-0.34%
02/13/2018,102.895,0.00%
02/12/2018,102.895,-0.15%
02/09/2018,103.045,0.22%
02/08/2018,102.815,-0.03%
02/07/2018,102.85,0.06%
02/06/2018,102.79,0.28%
02/05/2018,102.505,0.01%
02/02/2018,102.495,0.06%
02/01/2018,102.43,0.68%
01/31/2018,101.735,-0.03%
01/30/2018,101.77,0.04%
01/29/2018,101.725,0.04%
01/26/2018,101.68,0.00%
01/25/2018,101.68,-0.23%
01/24/2018,101.91,-0.13%
01/23/2018,102.04,-0.15%
01/22/2018,102.19,0.03%
01/19/2018,102.16,-0.01%
01/18/2018,102.17,-0.05%
01/17/2018,102.22,-0.23%
01/16/2018,102.46,0.86%
01/15/2018,101.585,-0.23%
01/12/2018,101.815,-0.04%
01/11/2018,101.855,0.10%
01/10/2018,101.75,-0.19%
01/09/2018,101.94,0.32%
01/08/2018,101.615,0.22%
01/05/2018,101.39,-0.06%
01/04/2018,101.45,-0.20%
01/03/2018,101.655,0.08%
01/02/2018,101.57,-0.31%
01/01/2018,101.89,-0.30%
12/29/2017,102.2,-0.32%
12/28/2017,102.53,-0.12%
12/27/2017,102.65,0.11%
12/26/2017,102.535,0.05%
12/25/2017,102.48,0.00%
12/22/2017,102.48,-0.01%
12/21/2017,102.49,-0.09%
12/20/2017,102.585,0.13%
12/19/2017,102.45,-0.33%
12/18/2017,102.785,0.31%
12/15/2017,102.47,-0.47%
12/14/2017,102.95,-0.15%
12/13/2017,103.1,0.05%
12/12/2017,103.05,0.06%
12/11/2017,102.985,-0.13%
12/08/2017,103.12,-0.19%
12/07/2017,103.32,0.08%
12/06/2017,103.24,0.22%
12/05/2017,103.015,0.01%
12/04/2017,103.0,-0.15%
12/01/2017,103.15,0.00%
11/30/2017,103.15,0.24%
11/29/2017,102.905,-0.16%
11/28/2017,103.065,-0.14%
11/27/2017,103.21,-0.30%
11/24/2017,103.525,0.18%
11/23/2017,103.335,-0.51%
11/22/2017,103.865,0.04%
11/21/2017,103.825,-0.34%
11/20/2017,104.175,0.14%
11/17/2017,104.025,-0.47%
11/16/2017,104.52,0.17%
11/15/2017,104.345,-0.31%
11/14/2017,104.67,-0.01%
11/13/2017,104.68,0.40%
11/10/2017,104.265,0.35%
11/09/2017,103.905,-0.02%
11/08/2017,103.93,-0.12%
11/07/2017,104.05,0.54%
11/06/2017,103.49,0.20%
11/03/2017,103.28,-0.10%
11/02/2017,103.38,0.03%
11/01/2017,103.35,-0.24%
10/31/2017,103.6,-0.16%
10/30/2017,103.77,-0.30%
10/27/2017,104.08,0.35%
10/26/2017,103.72,-0.11%
10/25/2017,103.83,-0.25%
10/24/2017,104.095,0.06%
10/23/2017,104.035,-0.03%
10/20/2017,104.065,0.00%
10/19/2017,104.065,0.00%
10/18/2017,104.065,0.02%
10/17/2017,104.04,0.43%
10/16/2017,103.59,-0.29%
10/13/2017,103.89,-0.24%
10/12/2017,104.135,-0.09%
10/11/2017,104.23,-0.21%
10/10/2017,104.45,-0.11%
10/09/2017,104.57,-0.04%
10/06/2017,104.61,0.36%
10/05/2017,104.23,0.20%
10/04/2017,104.025,-0.74%
10/03/2017,104.8,0.33%
10/02/2017,104.455,0.00%
09/29/2017,104.455,-0.34%
09/28/2017,104.81,-0.32%
09/27/2017,105.145,0.41%
09/26/2017,104.72,0.53%
09/25/2017,104.17,0.48%
09/22/2017,103.67,-0.02%
09/21/2017,103.695,0.85%
09/20/2017,102.825,-0.10%
09/19/2017,102.93,0.31%
09/18/2017,102.615,0.09%
09/15/2017,102.525,-0.06%
09/14/2017,102.59,0.19%
09/13/2017,102.4,-0.06%
09/12/2017,102.465,0.17%
09/11/2017,102.295,0.24%
09/08/2017,102.055,-0.41%
09/07/2017,102.48,-0.08%
09/06/2017,102.56,0.01%
09/05/2017,102.55,0.06%
09/04/2017,102.49,0.04%
09/01/2017,102.45,0.05%
08/31/2017,102.4,0.00%
08/30/2017,102.4,-0.05%
08/29/2017,102.45,0.20%
08/28/2017,102.25,-0.20%
08/25/2017,102.45,0.00%
08/24/2017,102.45,-0.10%
08/23/2017,102.55,0.00%
08/22/2017,102.55,0.00%
08/21/2017,102.55,-0.05%
08/18/2017,102.6,0.00%
08/17/2017,102.6,0.00%
08/16/2017,102.6,0.05%
08/15/2017,102.55,0.00%
08/14/2017,102.55,-0.06%
08/11/2017,102.615,0.16%
08/10/2017,102.45,0.34%
08/09/2017,102.1,0.20%
08/08/2017,101.9,-0.15%
08/07/2017,102.05,0.20%
08/04/2017,101.85,0.00%
08/03/2017,101.85,-0.54%
08/02/2017,102.4,-0.05%
08/01/2017,102.45,-0.24%
07/31/2017,102.695,0.04%
07/28/2017,102.65,0.10%
07/27/2017,102.55,-0.39%
07/26/2017,102.95,0.00%
07/25/2017,102.95,0.05%
07/24/2017,102.9,-0.01%
07/21/2017,102.91,-0.14%
07/20/2017,103.05,0.19%
07/19/2017,102.85,-0.05%
07/18/2017,102.9,-0.05%
07/17/2017,102.95,-0.15%
07/14/2017,103.1,-0.01%
07/13/2017,103.11,-0.52%
07/12/2017,103.65,0.39%
07/11/2017,103.25,0.05%
07/10/2017,103.2,-0.29%
07/07/2017,103.5,-0.10%
07/06/2017,103.6,-0.05%
07/05/2017,103.65,-0.25%
07/04/2017,103.91,-0.06%
07/03/2017,103.97,0.41%
06/30/2017,103.55,0.05%
06/29/2017,103.5,-0.05%
06/28/2017,103.55,-0.10%
06/27/2017,103.65,0.00%
06/26/2017,103.65,-0.10%
06/23/2017,103.75,0.19%
06/22/2017,103.55,-0.34%
06/21/2017,103.9,0.29%
06/20/2017,103.6,0.29%
06/19/2017,103.3,-0.05%
06/16/2017,103.35,-0.10%
06/15/2017,103.45,0.00%
06/14/2017,103.45,0.15%
06/13/2017,103.3,-0.24%
06/12/2017,103.55,0.00%
06/09/2017,103.55,0.29%
06/08/2017,103.25,-0.15%
06/07/2017,103.4,-0.27%
06/06/2017,103.68,0.22%
06/05/2017,103.45,-0.10%
06/02/2017,103.55,-0.19%
06/01/2017,103.75,0.10%
05/31/2017,103.65,-0.19%
05/30/2017,103.85,0.14%
05/29/2017,103.7,0.00%
05/26/2017,103.7,0.05%
05/25/2017,103.65,-0.10%
05/24/2017,103.75,-0.05%
05/23/2017,103.8,0.05%
05/22/2017,103.75,0.00%
05/19/2017,103.75,-0.14%
05/18/2017,103.9,1.22%
05/17/2017,102.65,0.15%
05/16/2017,102.5,0.00%
05/15/2017,102.495,-1.00%
05/12/2017,103.53,-0.12%
05/11/2017,103.65,-0.14%
05/10/2017,103.8,0.34%
05/09/2017,103.45,0.58%
05/08/2017,102.85,-0.10%
05/05/2017,102.95,0.25%
05/04/2017,102.69,0.09%
05/03/2017,102.6,-0.10%
05/02/2017,102.7,-0.11%
05/01/2017,102.81,-0.57%
04/28/2017,103.4,0.83%
04/27/2017,102.55,-0.04%
04/26/2017,102.59,-0.97%
04/25/2017,103.6,-0.05%
04/24/2017,103.65,-0.17%
04/21/2017,103.83,0.08%
04/20/2017,103.75,-0.03%
04/19/2017,103.78,0.32%
04/18/2017,103.45,-0.05%
04/17/2017,103.5,0.00%
04/14/2017,103.5,-0.05%
04/13/2017,103.55,-0.05%
04/12/2017,103.6,0.48%
04/11/2017,103.1,-0.53%
04/10/2017,103.65,0.14%
04/07/2017,103.5,-0.19%
04/06/2017,103.7,-0.32%
04/05/2017,104.03,-0.07%
04/04/2017,104.1,0.00%
04/03/2017,104.1,0.24%
03/31/2017,103.85,-0.86%
03/30/2017,104.75,0.00%
03/29/2017,104.75,-0.14%
03/28/2017,104.9,-0.10%
03/27/2017,105.0,-0.19%
03/24/2017,105.2,0.14%
03/23/2017,105.05,-0.10%
03/22/2017,105.15,0.05%
03/21/2017,105.1,-0.05%
03/20/2017,105.15,-0.03%
03/17/2017,105.18,0.03%
03/16/2017,105.15,-0.10%
03/15/2017,105.25,-0.75%
03/14/2017,106.05,-0.75%
03/13/2017,106.85,0.00%
03/10/2017,106.85,-0.14%
03/09/2017,107.0,-0.09%
03/08/2017,107.1,0.05%
03/07/2017,107.05,-0.05%
03/06/2017,107.1,-0.05%
03/03/2017,107.15,0.00%
03/02/2017,107.15,0.00%
03/01/2017,107.15,-0.03%
02/28/2017,107.18,-0.02%
02/27/2017,107.2,-0.03%
02/24/2017,107.23,0.07%
02/23/2017,107.15,0.00%
02/22/2017,107.15,-0.09%
02/21/2017,107.25,-0.17%
02/20/2017,107.43,0.17%
02/17/2017,107.25,-0.23%
02/16/2017,107.5,0.19%
02/15/2017,107.3,0.05%
02/14/2017,107.25,-0.09%
02/13/2017,107.35,0.42%
02/10/2017,106.9,-0.60%
02/09/2017,107.55,-0.09%
02/08/2017,107.65,-0.09%
02/07/2017,107.75,0.23%
02/06/2017,107.5,-0.19%
02/03/2017,107.7,-0.06%
02/02/2017,107.76,-0.15%
02/01/2017,107.92,-0.81%
01/31/2017,108.8,-0.27%
01/30/2017,109.1,0.00%
01/27/2017,109.1,-0.21%
01/26/2017,109.33,-0.11%
01/25/2017,109.45,0.00%
01/24/2017,109.45,0.03%
01/23/2017,109.42,0.08%
01/20/2017,109.33,-0.06%
01/19/2017,109.4,0.14%
01/18/2017,109.25,-0.14%
01/17/2017,109.4,0.02%
01/16/2017,109.38,-0.05%
01/13/2017,109.43,0.12%
01/12/2017,109.3,-0.23%
01/11/2017,109.55,0.14%
01/10/2017,109.4,-0.14%
01/09/2017,109.55,0.46%
01/06/2017,109.05,-0.03%
01/05/2017,109.08,-0.06%
01/04/2017,109.15,-0.27%
01/03/2017,109.45,0.20%
01/02/2017,109.23,0.00%
12/30/2016,109.23,-0.06%
12/29/2016,109.3,-0.14%
12/28/2016,109.45,0.18%
12/27/2016,109.25,0.79%
12/26/2016,108.39,-0.68%
12/23/2016,109.13,-0.29%
12/22/2016,109.45,0.00%
12/21/2016,109.45,0.00%
12/20/2016,109.45,0.00%
12/19/2016,109.45,0.00%
12/16/2016,109.45,0.00%
12/15/2016,109.45,0.00%
12/14/2016,109.45,0.00%
12/13/2016,109.45,0.00%
12/12/2016,109.45,0.00%
12/09/2016,109.45,0.00%
12/08/2016,109.45,0.00%
12/07/2016,109.45,0.37%
12/06/2016,109.05,-0.37%
12/05/2016,109.45,0.16%
12/02/2016,109.28,-0.27%
12/01/2016,109.58,-0.61%
11/30/2016,110.25,0.00%
11/29/2016,110.25,-0.09%
11/28/2016,110.35,0.66%
11/25/2016,109.63,-0.20%
11/24/2016,109.85,0.27%
11/23/2016,109.55,0.09%
11/22/2016,109.45,0.18%
11/21/2016,109.25,0.00%
11/18/2016,109.25,0.51%
11/17/2016,108.7,0.18%
11/16/2016,108.5,0.00%
11/15/2016,108.5,0.74%
11/14/2016,107.7,0.12%
11/11/2016,107.57,0.67%
11/10/2016,106.85,0.09%
11/09/2016,106.75,-0.17%
11/08/2016,106.93,-0.16%
11/07/2016,107.1,0.14%
11/04/2016,106.95,0.00%
11/03/2016,106.95,-0.09%
11/02/2016,107.05,0.14%
11/01/2016,106.9,-0.14%
10/31/2016,107.05,-0.05%
10/28/2016,107.1,-0.03%
10/27/2016,107.13,-0.16%
10/26/2016,107.3,0.09%
10/25/2016,107.2,0.09%
10/24/2016,107.1,-0.05%
10/21/2016,107.15,0.33%
10/20/2016,106.8,0.05%
10/19/2016,106.75,-0.33%
10/18/2016,107.1,0.26%
10/17/2016,106.82,0.04%
10/14/2016,106.78,-0.30%
10/13/2016,107.1,0.33%
10/12/2016,106.75,0.14%
10/11/2016,106.6,0.02%
10/10/2016,106.58,-0.02%
10/07/2016,106.6,-0.37%
10/06/2016,107.0,0.38%
10/05/2016,106.6,-0.33%
10/04/2016,106.95,0.07%
10/03/2016,106.88,-0.08%
09/30/2016,106.97,-0.26%
09/29/2016,107.25,0.37%
09/28/2016,106.85,0.09%
09/27/2016,106.75,-0.05%
09/26/2016,106.8,-0.07%
09/23/2016,106.88,-0.62%
09/22/2016,107.55,-0.05%
09/21/2016,107.6,0.20%
09/20/2016,107.38,-0.11%
09/19/2016,107.5,-0.05%
09/16/2016,107.55,0.05%
09/15/2016,107.5,0.14%
09/14/2016,107.35,0.05%
09/13/2016,107.3,0.09%
09/12/2016,107.2,0.61%
09/09/2016,106.55,-0.05%
09/08/2016,106.6,0.05%
09/07/2016,106.55,-0.47%
09/06/2016,107.05,0.23%
09/05/2016,106.8,-0.07%
09/02/2016,106.88,-0.42%
09/01/2016,107.33,-0.15%
08/31/2016,107.49,-0.15%
08/30/2016,107.65,-0.19%
08/29/2016,107.85,0.47%
08/26/2016,107.35,-0.37%
08/25/2016,107.75,-0.05%
08/24/2016,107.8,0.05%
08/23/2016,107.75,0.00%
08/22/2016,107.75,0.28%
08/19/2016,107.45,0.23%
08/18/2016,107.2,0.14%
08/17/2016,107.05,-0.05%
08/16/2016,107.1,-0.28%
08/15/2016,107.4,0.28%
08/12/2016,107.1,-0.19%
08/11/2016,107.3,0.05%
08/10/2016,107.25,0.00%
08/09/2016,107.25,0.00%
08/08/2016,107.25,-0.07%
08/05/2016,107.33,0.00%
08/04/2016,107.33,-0.05%
08/03/2016,107.38,0.26%
08/02/2016,107.1,-0.09%
08/01/2016,107.2,-0.79%
07/29/2016,108.05,0.42%
07/28/2016,107.6,0.00%
07/27/2016,107.6,-0.42%
07/26/2016,108.05,0.00%
07/25/2016,108.05,0.51%
07/22/2016,107.5,-0.14%
07/21/2016,107.65,-0.23%
07/20/2016,107.9,0.23%
07/19/2016,107.65,-0.14%
07/18/2016,107.8,0.28%
07/15/2016,107.5,0.00%
07/14/2016,107.5,-0.42%
07/13/2016,107.95,-0.28%
07/12/2016,108.25,0.00%
07/11/2016,108.25,0.00%
07/08/2016,108.25,-0.28%
07/07/2016,108.55,0.00%
07/06/2016,108.55,0.00%
07/05/2016,108.55,0.15%
07/04/2016,108.39,0.02%
07/01/2016,108.37,-0.21%
06/30/2016,108.6,0.00%
06/29/2016,108.6,-0.28%
06/28/2016,108.9,-0.14%
06/27/2016,109.05,0.46%
06/24/2016,108.55,0.79%
06/23/2016,107.7,-0.12%
06/22/2016,107.83,-0.43%
06/21/2016,108.3,0.14%
06/20/2016,108.15,0.19%
06/17/2016,107.95,0.23%
06/16/2016,107.7,0.09%
06/15/2016,107.6,-0.37%
06/14/2016,108.0,0.37%
06/13/2016,107.6,0.73%
06/10/2016,106.82,0.02%
06/09/2016,106.8,-0.19%
06/08/2016,107.0,-0.12%
06/07/2016,107.13,-0.20%
06/06/2016,107.35,-0.60%
06/03/2016,108.0,0.30%
06/02/2016,107.68,-0.11%
06/01/2016,107.8,-0.09%
05/31/2016,107.9,0.25%
05/30/2016,107.63,0.17%
05/27/2016,107.45,0.02%
05/26/2016,107.43,-0.30%
05/25/2016,107.75,-0.51%
05/24/2016,108.3,0.52%
05/23/2016,107.74,-0.15%
05/20/2016,107.9,-0.28%
05/19/2016,108.2,0.74%
05/18/2016,107.4,0.28%
05/17/2016,107.1,-0.09%
05/16/2016,107.2,0.36%
05/13/2016,106.82,0.09%
05/12/2016,106.72,-0.12%
05/11/2016,106.85,0.09%
05/10/2016,106.75,-0.05%
05/09/2016,106.8,0.09%
05/06/2016,106.7,-0.14%
05/05/2016,106.85,0.23%
05/04/2016,106.6,0.00%
05/03/2016,106.6,-0.14%
05/02/2016,106.75,0.00%
04/29/2016,106.75,-0.05%
04/28/2016,106.8,0.19%
04/27/2016,106.6,-0.19%
04/26/2016,106.8,-0.23%
04/25/2016,107.05,0.23%
04/22/2016,106.8,0.56%
04/21/2016,106.2,0.28%
04/20/2016,105.9,-0.94%
04/19/2016,106.9,0.19%
04/18/2016,106.7,-0.23%
04/15/2016,106.95,0.19%
04/14/2016,106.75,0.14%
04/13/2016,106.6,-0.05%
04/12/2016,106.65,0.34%
04/11/2016,106.29,-0.07%
04/08/2016,106.36,0.00%
04/07/2016,106.36,-0.27%
04/06/2016,106.65,0.19%
04/05/2016,106.45,0.19%
04/04/2016,106.25,0.14%
04/01/2016,106.1,-0.05%
03/31/2016,106.15,-0.33%
03/30/2016,106.5,-0.42%
03/29/2016,106.95,0.00%
03/28/2016,106.95,-0.09%
03/25/2016,107.05,0.00%
03/24/2016,107.05,0.00%
03/23/2016,107.05,0.29%
03/22/2016,106.74,-0.57%
03/21/2016,107.35,0.51%
03/18/2016,106.8,-0.14%
03/17/2016,106.95,-0.57%
03/16/2016,107.56,-0.23%
03/15/2016,107.81,0.10%
03/14/2016,107.7,-0.05%
03/11/2016,107.75,0.14%
03/10/2016,107.6,-0.28%
03/09/2016,107.9,-0.09%
03/08/2016,108.0,0.19%
03/07/2016,107.8,0.09%
03/04/2016,107.7,-0.28%
03/03/2016,108.0,-0.06%
03/02/2016,108.07,-0.47%
03/01/2016,108.58,-1.29%
02/29/2016,110.0,-0.09%
02/26/2016,110.1,-0.05%
02/25/2016,110.15,0.05%
02/24/2016,110.1,0.09%
02/23/2016,110.0,0.05%
02/22/2016,109.95,0.05%
02/19/2016,109.9,0.00%
02/18/2016,109.9,0.14%
02/17/2016,109.75,0.05%
02/16/2016,109.7,0.92%
02/15/2016,108.7,-0.73%
02/12/2016,109.5,0.23%
02/11/2016,109.25,0.51%
02/10/2016,108.7,-0.18%
02/09/2016,108.9,0.00%
02/08/2016,108.9,-0.05%
02/05/2016,108.95,0.81%
02/04/2016,108.07,-1.13%
02/03/2016,109.3,0.32%
02/02/2016,108.95,0.14%
02/01/2016,108.8,0.00%
01/29/2016,108.8,-0.59%
01/28/2016,109.45,0.55%
01/27/2016,108.85,0.28%
01/26/2016,108.55,-0.23%
01/25/2016,108.8,0.37%
01/22/2016,108.4,-0.60%
01/21/2016,109.05,0.05%
01/20/2016,109.0,0.55%
01/19/2016,108.4,0.10%
01/18/2016,108.29,0.12%
01/15/2016,108.16,0.33%
01/14/2016,107.8,0.56%
01/13/2016,107.2,0.09%
01/12/2016,107.1,0.05%
01/11/2016,107.05,0.05%
01/08/2016,107.0,0.00%
01/07/2016,107.0,0.07%
01/06/2016,106.92,0.16%
01/05/2016,106.75,-0.09%
01/04/2016,106.85,0.97%
01/01/2016,105.825,-0.02%
12/31/2015,105.85,-0.61%
12/30/2015,106.5,0.24%
12/29/2015,106.24,0.28%
12/28/2015,105.94,0.00%
12/25/2015,105.94,0.00%
12/24/2015,105.94,0.00%
12/23/2015,105.94,-0.17%
12/22/2015,106.12,-0.05%
12/21/2015,106.17,-0.31%
12/18/2015,106.5,0.00%
12/17/2015,106.5,-0.26%
12/16/2015,106.78,-0.28%
12/15/2015,107.08,-0.25%
12/14/2015,107.35,0.32%
12/11/2015,107.01,0.24%
12/10/2015,106.75,-0.17%
12/09/2015,106.93,-0.02%
12/08/2015,106.95,0.12%
12/07/2015,106.82,0.09%
12/04/2015,106.72,0.07%
12/03/2015,106.65,0.09%
12/02/2015,106.55,0.15%
12/01/2015,106.39,-0.27%
11/30/2015,106.68,-0.13%
11/27/2015,106.82,0.29%
11/26/2015,106.51,0.37%
11/25/2015,106.12,0.00%
11/24/2015,106.12,-0.23%
11/23/2015,106.36,0.43%
11/20/2015,105.9,0.01%
11/19/2015,105.89,-0.17%
11/18/2015,106.07,0.40%
11/17/2015,105.65,0.05%
11/16/2015,105.6,-0.15%
11/13/2015,105.76,-0.32%
11/12/2015,106.1,0.00%
11/11/2015,106.1,0.00%
11/10/2015,106.1,-0.20%
11/09/2015,106.31,1.04%
11/06/2015,105.22,0.02%
11/05/2015,105.2,0.41%
11/04/2015,104.77,-0.26%
11/03/2015,105.04,0.10%
11/02/2015,104.94,0.04%
10/30/2015,104.9,0.29%
10/29/2015,104.6,0.29%
10/28/2015,104.3,0.00%
10/27/2015,104.3,0.56%
10/26/2015,103.72,-0.01%
10/23/2015,103.73,-0.45%
10/22/2015,104.2,0.00%
10/21/2015,104.2,0.10%
10/20/2015,104.1,0.40%
10/19/2015,103.69,0.00%
10/16/2015,103.69,-0.03%
10/15/2015,103.72,-0.33%
10/14/2015,104.06,-0.56%
10/13/2015,104.65,1.01%
10/12/2015,103.6,-1.00%
10/09/2015,104.65,0.00%
10/08/2015,104.65,0.65%
10/07/2015,103.97,-0.66%
10/06/2015,104.66,0.18%
10/05/2015,104.47,-0.33%
10/02/2015,104.82,0.00%
10/01/2015,104.82,-0.11%
09/30/2015,104.94,-0.86%
09/29/2015,105.85,0.17%
09/28/2015,105.67,-0.59%
09/25/2015,106.3,0.00%
09/24/2015,106.3,0.66%
09/23/2015,105.6,0.00%
09/22/2015,105.6,0.09%
09/21/2015,105.5,0.00%
09/18/2015,105.5,-0.80%
09/17/2015,106.35,0.01%
09/16/2015,106.34,0.13%
09/15/2015,106.2,-0.28%
09/14/2015,106.5,-0.19%
09/11/2015,106.7,0.39%
09/10/2015,106.29,0.04%
09/09/2015,106.25,-0.22%
09/08/2015,106.48,-0.41%
09/07/2015,106.92,0.55%
09/04/2015,106.34,0.33%
09/03/2015,105.99,0.08%
09/02/2015,105.91,-0.04%
09/01/2015,105.95,-0.39%
08/31/2015,106.37,0.51%
08/28/2015,105.83,0.15%
08/27/2015,105.67,-0.59%
08/26/2015,106.3,0.50%
08/25/2015,105.77,-0.81%
08/24/2015,106.63,1.65%
08/21/2015,104.9,0.00%
08/20/2015,104.9,0.45%
08/19/2015,104.43,-0.31%
08/18/2015,104.75,0.00%
08/17/2015,104.75,0.34%
08/14/2015,104.4,0.14%
08/13/2015,104.25,0.19%
08/12/2015,104.05,1.17%
08/11/2015,102.85,0.39%
08/10/2015,102.45,0.05%
08/07/2015,102.4,0.36%
08/06/2015,102.03,0.02%
08/05/2015,102.01,-0.82%
08/04/2015,102.85,0.00%
08/03/2015,102.85,0.22%
07/31/2015,102.62,0.15%
07/30/2015,102.47,0.21%
07/29/2015,102.26,-0.09%
07/28/2015,102.35,-0.49%
07/27/2015,102.85,0.80%
07/24/2015,102.03,0.17%
07/23/2015,101.86,0.11%
07/22/2015,101.75,-0.54%
07/21/2015,102.3,0.54%
07/20/2015,101.75,-0.73%
07/17/2015,102.5,0.00%
07/16/2015,102.5,0.54%
07/15/2015,101.95,0.13%
07/14/2015,101.82,0.08%
07/13/2015,101.74,-0.74%
07/10/2015,102.5,0.00%
07/09/2015,102.5,0.00%
07/08/2015,102.5,0.49%
07/07/2015,102.0,0.13%
07/06/2015,101.87,0.01%
07/03/2015,101.86,0.01%
07/02/2015,101.85,-0.13%
07/01/2015,101.98,-0.07%
06/30/2015,102.05,-0.49%
06/29/2015,102.55,0.58%
06/26/2015,101.96,0.07%
06/25/2015,101.89,-0.55%
06/24/2015,102.45,-0.05%
06/23/2015,102.5,0.61%
06/22/2015,101.88,-0.20%
06/19/2015,102.08,0.13%
06/18/2015,101.95,-0.67%
06/17/2015,102.64,-0.30%
06/16/2015,102.95,0.59%
06/15/2015,102.35,0.00%
06/12/2015,102.35,0.16%
06/11/2015,102.19,-0.11%
06/10/2015,102.3,-0.05%
06/09/2015,102.35,-0.10%
06/08/2015,102.45,0.44%
06/05/2015,102.005,-0.40%
06/04/2015,102.41,0.17%
06/03/2015,102.24,0.12%
06/02/2015,102.12,0.19%
06/01/2015,101.93,-0.18%
05/29/2015,102.11,0.02%
05/28/2015,102.09,-0.32%
05/27/2015,102.42,0.05%
05/26/2015,102.37,0.65%
05/25/2015,101.71,0.07%
05/22/2015,101.64,-0.19%
05/21/2015,101.83,-0.28%
05/20/2015,102.12,0.24%
05/19/2015,101.88,-0.07%
05/18/2015,101.95,0.32%
05/15/2015,101.62,-0.23%
05/14/2015,101.85,-0.55%
05/13/2015,102.41,-0.25%
05/12/2015,102.67,0.49%
05/11/2015,102.17,-0.14%
05/08/2015,102.31,-0.46%
05/07/2015,102.78,1.09%
05/06/2015,101.67,0.16%
05/05/2015,101.51,0.03%
05/04/2015,101.48,0.00%
05/01/2015,101.48,0.00%
04/30/2015,101.48,0.20%
04/29/2015,101.28,0.24%
04/28/2015,101.04,-0.53%
04/27/2015,101.58,-0.12%
04/24/2015,101.7,0.38%
04/23/2015,101.32,0.80%
04/22/2015,100.52,-0.05%
04/21/2015,100.57,-0.10%
04/20/2015,100.67,0.88%
04/17/2015,99.79,0.10%
04/16/2015,99.69,-0.10%
04/15/2015,99.79,-0.23%
04/14/2015,100.02,0.00%
04/13/2015,100.02,0.31%
04/10/2015,99.71,0.12%
04/09/2015,99.59,0.00%
04/08/2015,99.59,-0.02%
04/07/2015,99.61,0.11%
04/06/2015,99.5,-0.50%
04/03/2015,100.0,0.00%
04/02/2015,100.0,0.00%
04/01/2015,100.0,0.00%
03/31/2015,100.0,-0.28%
03/30/2015,100.28,0.42%
03/27/2015,99.86,-0.42%
03/26/2015,100.28,0.55%
03/25/2015,99.73,0.11%
03/24/2015,99.625,-0.02%
03/23/2015,99.64,-0.30%
03/20/2015,99.94,-0.09%
03/19/2015,100.03,-0.28%
03/18/2015,100.31,-0.02%
03/17/2015,100.33,-0.17%
03/16/2015,100.5,-0.25%
03/13/2015,100.75,0.74%
03/12/2015,100.01,-0.44%
03/11/2015,100.45,0.02%
03/10/2015,100.43,0.34%
03/09/2015,100.09,0.64%
03/06/2015,99.45,0.00%
03/05/2015,99.45,-0.16%
03/04/2015,99.61,0.55%
03/03/2015,99.07,0.08%
03/02/2015,98.99,0.06%
02/27/2015,98.935,0.13%
02/26/2015,98.81,-0.34%
02/25/2015,99.15,-0.37%
02/24/2015,99.52,-0.20%
02/23/2015,99.72,0.16%
02/20/2015,99.56,-0.19%
02/19/2015,99.75,0.00%
02/18/2015,99.75,0.30%
02/17/2015,99.45,-0.01%
02/16/2015,99.455,-0.07%
02/13/2015,99.52,-0.17%
02/12/2015,99.69,0.08%
02/11/2015,99.61,0.12%
02/10/2015,99.49,0.02%
02/09/2015,99.47,0.76%
02/06/2015,98.72,-0.06%
02/05/2015,98.775,-0.04%
02/04/2015,98.81,0.14%
02/03/2015,98.67,-0.21%
02/02/2015,98.88,-0.11%
01/30/2015,98.985,0.01%
01/29/2015,98.98,0.73%
01/28/2015,98.26,0.02%
01/27/2015,98.24,-0.04%
01/26/2015,98.28,0.00%
01/23/2015,98.28,-0.45%
01/22/2015,98.72,0.10%
01/21/2015,98.625,-0.09%
01/20/2015,98.71,-0.03%
01/19/2015,98.74,-0.25%
01/16/2015,98.99,-0.30%
01/15/2015,99.29,-0.20%
01/14/2015,99.49,0.06%
01/13/2015,99.43,-0.04%
01/12/2015,99.47,-0.26%
01/09/2015,99.73,-0.55%
01/08/2015,100.28,-0.79%
01/07/2015,101.08,-0.63%
01/06/2015,101.72,0.26%
01/05/2015,101.46,0.19%
01/02/2015,101.27,-0.10%
01/01/2015,101.37,0.51%
12/31/2014,100.86,-0.55%
12/30/2014,101.42,-0.44%
12/29/2014,101.87,0.17%
12/26/2014,101.7,0.07%
12/25/2014,101.63,0.00%
12/24/2014,101.63,0.38%
12/23/2014,101.25,0.06%
12/22/2014,101.19,-0.06%
12/19/2014,101.25,0.26%
12/18/2014,100.99,-0.79%
12/17/2014,101.79,0.13%
12/16/2014,101.655,0.94%
12/15/2014,100.71,1.04%
12/12/2014,99.67,-0.07%
12/11/2014,99.74,0.50%
12/10/2014,99.24,0.22%
12/09/2014,99.02,0.08%
12/08/2014,98.94,0.10%
12/05/2014,98.84,-0.25%
12/04/2014,99.09,0.04%
12/03/2014,99.05,0.03%
12/02/2014,99.02,-0.22%
12/01/2014,99.24,-0.01%
11/28/2014,99.25,0.24%
11/27/2014,99.01,0.05%
11/26/2014,98.96,-0.03%
11/25/2014,98.99,-0.12%
11/24/2014,99.11,0.28%
11/21/2014,98.83,-0.28%
11/20/2014,99.11,-0.03%
11/19/2014,99.14,0.35%
11/18/2014,98.79,0.02%
11/17/2014,98.77,0.01%
11/14/2014,98.76,0.27%
11/13/2014,98.49,0.07%
11/12/2014,98.42,-0.07%
11/11/2014,98.49,0.07%
11/10/2014,98.42,-0.17%
11/07/2014,98.59,0.34%
11/06/2014,98.26,0.00%
11/05/2014,98.26,0.01%
11/04/2014,98.25,0.00%
11/03/2014,98.25,0.06%
10/31/2014,98.19,-0.14%
10/30/2014,98.33,0.16%
10/29/2014,98.17,0.05%
10/28/2014,98.12,0.03%
10/27/2014,98.09,0.04%
10/24/2014,98.05,0.00%
10/23/2014,98.05,0.00%
10/22/2014,98.05,-0.06%
10/21/2014,98.11,-0.08%
10/20/2014,98.185,-0.13%
10/17/2014,98.31,-0.65%
10/16/2014,98.95,0.69%
10/15/2014,98.27,0.00%
10/14/2014,98.27,0.52%
10/13/2014,97.76,-0.42%
10/10/2014,98.17,0.49%
10/09/2014,97.69,-0.56%
10/08/2014,98.24,-0.05%
10/07/2014,98.29,-0.30%
10/06/2014,98.59,0.01%
10/03/2014,98.58,0.00%
10/02/2014,98.58,0.00%
10/01/2014,98.58,-0.22%
09/30/2014,98.8,0.35%
09/29/2014,98.455,0.64%
09/26/2014,97.83,-0.33%
09/25/2014,98.15,0.62%
09/24/2014,97.545,0.04%
09/23/2014,97.51,0.21%
09/22/2014,97.31,0.01%
09/19/2014,97.305,-0.47%
09/18/2014,97.76,0.29%
09/17/2014,97.48,-0.21%
09/16/2014,97.69,-0.13%
09/15/2014,97.82,0.79%
09/12/2014,97.05,-0.45%
09/11/2014,97.49,-0.02%
09/10/2014,97.51,0.56%
09/09/2014,96.97,0.47%
09/08/2014,96.52,-0.11%
09/05/2014,96.63,0.06%
09/04/2014,96.57,-0.22%
09/03/2014,96.78,0.08%
09/02/2014,96.7,-0.15%
09/01/2014,96.85,0.05%
08/29/2014,96.8,0.00%
08/28/2014,96.8,0.07%
08/27/2014,96.73,0.03%
08/26/2014,96.705,-0.21%
08/25/2014,96.91,0.17%
08/22/2014,96.75,-0.60%
08/21/2014,97.33,0.35%
08/20/2014,96.99,-0.10%
08/19/2014,97.09,-0.14%
08/18/2014,97.23,0.00%
08/15/2014,97.23,0.00%
08/14/2014,97.23,-0.74%
08/13/2014,97.95,0.22%
08/12/2014,97.735,-0.15%
08/11/2014,97.88,-0.24%
08/08/2014,98.12,0.16%
08/07/2014,97.96,-0.45%
08/06/2014,98.4,1.07%
08/05/2014,97.36,-0.14%
08/04/2014,97.5,-0.41%
08/01/2014,97.9,1.04%
07/31/2014,96.89,0.82%
07/30/2014,96.1,-0.11%
07/29/2014,96.21,0.00%
07/28/2014,96.21,0.04%
07/25/2014,96.17,-0.03%
07/24/2014,96.2,0.05%
07/23/2014,96.15,-0.25%
07/22/2014,96.39,-0.10%
07/21/2014,96.49,0.04%
07/18/2014,96.45,0.18%
07/17/2014,96.28,0.08%
07/16/2014,96.2,0.00%
07/15/2014,96.2,-0.01%
07/14/2014,96.21,0.33%
07/11/2014,95.89,-0.44%
07/10/2014,96.31,0.73%
07/09/2014,95.61,-0.04%
07/08/2014,95.65,-0.40%
07/07/2014,96.03,0.49%
07/04/2014,95.56,-0.02%
07/03/2014,95.58,0.07%
07/02/2014,95.51,-0.63%
07/01/2014,96.12,-0.17%
06/30/2014,96.28,0.15%
06/27/2014,96.14,-0.09%
06/26/2014,96.23,0.02%
06/25/2014,96.21,-0.05%
06/24/2014,96.26,-0.07%
06/23/2014,96.33,0.03%
06/20/2014,96.3,0.17%
06/19/2014,96.14,-0.51%
06/18/2014,96.63,0.60%
06/17/2014,96.05,-0.22%
06/16/2014,96.26,0.66%
06/13/2014,95.63,0.86%
06/12/2014,94.81,-0.03%
06/11/2014,94.84,-0.03%
06/10/2014,94.87,0.15%
06/09/2014,94.73,0.05%
06/06/2014,94.68,-0.27%
06/05/2014,94.94,0.01%
06/04/2014,94.93,-0.11%
06/03/2014,95.03,0.40%
06/02/2014,94.65,0.08%
05/30/2014,94.57,0.12%
05/29/2014,94.46,0.18%
05/28/2014,94.29,-0.19%
05/27/2014,94.47,0.55%
05/26/2014,93.95,0.33%
05/23/2014,93.64,0.10%
05/22/2014,93.55,-0.53%
05/21/2014,94.05,0.25%
05/20/2014,93.82,0.07%
05/19/2014,93.75,-0.34%
05/16/2014,94.07,-0.84%
05/15/2014,94.87,-0.66%
05/14/2014,95.5,0.00%
05/13/2014,95.5,-0.61%
05/12/2014,96.09,0.02%
05/09/2014,96.07,-0.04%
05/08/2014,96.11,-0.12%
05/07/2014,96.23,-0.35%
05/06/2014,96.57,0.23%
05/05/2014,96.35,0.08%
05/02/2014,96.27,-0.25%
05/01/2014,96.51,0.00%
04/30/2014,96.51,-0.18%
04/29/2014,96.68,-0.37%
04/28/2014,97.04,0.07%
04/25/2014,96.97,-0.77%
04/24/2014,97.72,0.00%
04/23/2014,97.72,0.50%
04/22/2014,97.23,0.29%
04/21/2014,96.95,0.50%
04/18/2014,96.47,0.00%
04/17/2014,96.47,-0.13%
04/16/2014,96.6,0.24%
04/15/2014,96.37,0.08%
04/14/2014,96.29,0.00%
04/11/2014,96.29,0.18%
04/10/2014,96.12,-0.11%
04/09/2014,96.23,0.04%
04/08/2014,96.19,0.00%
04/07/2014,96.19,0.06%
04/04/2014,96.13,-0.15%
04/03/2014,96.27,0.44%
04/02/2014,95.85,-0.01%
04/01/2014,95.86,0.00%
03/31/2014,95.86,0.00%
03/28/2014,95.86,-0.67%
03/27/2014,96.51,0.29%
03/26/2014,96.23,-0.56%
03/25/2014,96.77,-0.49%
03/24/2014,97.25,-0.19%
03/21/2014,97.44,-0.72%
03/20/2014,98.15,0.64%
03/19/2014,97.53,-0.39%
03/18/2014,97.91,0.00%
03/17/2014,97.91,0.00%
03/14/2014,97.91,0.03%
03/13/2014,97.88,-0.07%
03/12/2014,97.95,0.45%
03/11/2014,97.51,0.14%
03/10/2014,97.37,-0.38%
03/07/2014,97.74,-0.04%
03/06/2014,97.78,-1.04%
03/05/2014,98.81,-0.15%
03/04/2014,98.96,-0.31%
03/03/2014,99.27,0.47%
02/28/2014,98.81,-0.37%
02/27/2014,99.18,0.00%
02/26/2014,99.18,0.08%
02/25/2014,99.1,-0.22%
02/24/2014,99.32,-0.08%
02/21/2014,99.4,-0.17%
02/20/2014,99.57,0.04%
02/19/2014,99.53,0.00%
02/18/2014,99.53,0.59%
02/17/2014,98.95,-0.14%
02/14/2014,99.09,-0.79%
02/13/2014,99.88,0.53%
02/12/2014,99.35,-0.21%
02/11/2014,99.56,-0.34%
02/10/2014,99.9,0.24%
02/07/2014,99.66,-0.13%
02/06/2014,99.79,-0.33%
02/05/2014,100.12,0.07%
02/04/2014,100.05,-0.06%
02/03/2014,100.11,-0.19%
01/31/2014,100.3,0.20%
01/30/2014,100.1,0.23%
01/29/2014,99.87,-0.15%
01/28/2014,100.02,-0.94%
01/27/2014,100.97,0.70%
01/24/2014,100.27,1.19%
01/23/2014,99.09,0.18%
01/22/2014,98.91,-0.11%
01/21/2014,99.02,0.43%
01/20/2014,98.6,0.13%
01/17/2014,98.47,0.01%
01/16/2014,98.46,-0.01%
01/15/2014,98.47,0.03%
01/14/2014,98.44,0.00%
01/13/2014,98.44,-0.62%
01/10/2014,99.05,-0.27%
01/09/2014,99.32,0.00%
01/08/2014,99.32,-0.37%
01/07/2014,99.69,-0.01%
01/06/2014,99.7,0.24%
01/03/2014,99.46,-0.17%
01/02/2014,99.63,0.59%
01/01/2014,99.05,0.16%
12/31/2013,98.89,-0.17%
12/30/2013,99.06,0.09%
12/27/2013,98.97,-0.49%
12/26/2013,99.46,0.60%
12/25/2013,98.87,0.00%
12/24/2013,98.87,-0.26%
12/23/2013,99.13,-0.14%
12/20/2013,99.27,-0.16%
12/19/2013,99.43,0.08%
12/18/2013,99.35,0.12%
12/17/2013,99.23,0.46%
12/16/2013,98.78,-0.63%
12/13/2013,99.41,0.51%
12/12/2013,98.91,0.93%
12/11/2013,98.0,0.34%
12/10/2013,97.67,-0.15%
12/09/2013,97.82,-0.45%
12/06/2013,98.26,-0.56%
12/05/2013,98.81,-0.48%
12/04/2013,99.29,-0.49%
12/03/2013,99.78,0.07%
12/02/2013,99.71,-0.20%
11/29/2013,99.91,0.04%
11/28/2013,99.87,0.44%
11/27/2013,99.43,-0.58%
11/26/2013,100.01,0.00%
11/25/2013,100.01,-0.59%
11/22/2013,100.6,-0.10%
11/21/2013,100.7,0.58%
11/20/2013,100.12,0.33%
11/19/2013,99.79,-0.07%
11/18/2013,99.86,-1.12%
11/15/2013,100.99,0.00%
11/14/2013,100.99,-0.30%
11/13/2013,101.29,-0.65%
11/12/2013,101.95,0.75%
11/11/2013,101.19,1.22%
11/08/2013,99.97,0.10%
11/07/2013,99.87,0.04%
11/06/2013,99.83,1.24%
11/05/2013,98.61,-0.18%
11/04/2013,98.79,0.00%
11/01/2013,98.79,0.39%
10/31/2013,98.41,0.44%
10/30/2013,97.98,-0.13%
10/29/2013,98.11,-0.34%
10/28/2013,98.44,0.09%
10/25/2013,98.35,0.01%
10/24/2013,98.34,-0.21%
10/23/2013,98.55,-0.10%
10/22/2013,98.65,0.21%
10/21/2013,98.44,0.41%
10/18/2013,98.04,0.07%
10/17/2013,97.97,-0.99%
10/16/2013,98.95,0.00%
10/15/2013,98.95,0.47%
10/14/2013,98.49,0.79%
10/11/2013,97.72,-0.52%
10/10/2013,98.23,-0.87%
10/09/2013,99.09,0.21%
10/08/2013,98.88,0.01%
10/07/2013,98.87,0.59%
10/04/2013,98.29,-0.50%
10/03/2013,98.78,-1.16%
10/02/2013,99.94,0.00%
10/01/2013,99.94,-0.23%
09/30/2013,100.17,0.14%
09/27/2013,100.03,0.71%
09/26/2013,99.32,-0.59%
09/25/2013,99.91,-0.50%
09/24/2013,100.41,0.24%
09/23/2013,100.17,0.59%
09/20/2013,99.58,0.75%
09/19/2013,98.84,-2.53%
09/18/2013,101.41,0.01%
09/17/2013,101.4,0.86%
09/16/2013,100.54,-1.03%
09/13/2013,101.59,-0.02%
09/12/2013,101.61,0.20%
09/11/2013,101.41,-0.72%
09/10/2013,102.15,-1.70%
09/09/2013,103.92,0.00%
09/06/2013,103.92,-1.62%
09/05/2013,105.63,-1.57%
09/04/2013,107.31,-1.73%
09/03/2013,109.2,3.40%
09/02/2013,105.61,0.46%
08/30/2013,105.13,-0.45%
08/29/2013,105.61,0.47%
08/28/2013,105.12,0.00%
08/27/2013,105.125,2.49%
08/26/2013,102.57,1.53%
08/23/2013,101.02,-1.80%
08/22/2013,102.87,0.27%
08/21/2013,102.59,1.36%
08/20/2013,101.21,0.19%
08/19/2013,101.02,2.40%
08/16/2013,98.65,0.36%
08/15/2013,98.3,0.00%
08/14/2013,98.3,0.40%
08/13/2013,97.91,-0.14%
08/12/2013,98.05,0.66%
08/09/2013,97.41,0.00%
08/08/2013,97.41,-0.10%
08/07/2013,97.51,0.28%
08/06/2013,97.24,-0.17%
08/05/2013,97.41,-0.37%
08/02/2013,97.77,1.12%
08/01/2013,96.69,0.04%
07/31/2013,96.65,-0.13%
07/30/2013,96.78,1.80%
07/29/2013,95.07,0.64%
07/26/2013,94.47,0.46%
07/25/2013,94.04,-0.60%
07/24/2013,94.61,-1.07%
07/23/2013,95.63,0.07%
07/22/2013,95.56,0.62%
07/19/2013,94.97,-0.53%
07/18/2013,95.48,0.56%
07/17/2013,94.95,0.04%
07/16/2013,94.91,-0.96%
07/15/2013,95.83,0.55%
07/12/2013,95.31,-0.19%
07/11/2013,95.49,0.03%
07/10/2013,95.46,-0.80%
07/09/2013,96.23,-0.77%
07/08/2013,96.98,0.63%
07/05/2013,96.37,0.16%
07/04/2013,96.22,-0.13%
07/03/2013,96.35,0.92%
07/02/2013,95.47,0.25%
07/01/2013,95.23,0.22%
06/28/2013,95.02,-1.34%
06/27/2013,96.31,-0.86%
06/26/2013,97.15,1.77%
06/25/2013,95.46,-0.04%
06/24/2013,95.5,0.70%
06/21/2013,94.84,-0.50%
06/20/2013,95.32,1.46%
06/19/2013,93.95,-0.10%
06/18/2013,94.04,1.56%
06/17/2013,92.6,0.62%
06/14/2013,92.03,-0.80%
06/13/2013,92.77,0.32%
06/12/2013,92.47,-1.03%
06/11/2013,93.43,0.41%
06/10/2013,93.05,1.91%
06/07/2013,91.31,0.40%
06/06/2013,90.95,0.20%
06/05/2013,90.77,0.51%
06/04/2013,90.31,-0.57%
06/03/2013,90.83,0.48%
05/31/2013,90.4,0.21%
05/30/2013,90.21,0.37%
05/29/2013,89.88,0.38%
05/28/2013,89.54,0.71%
05/27/2013,88.91,-0.11%
05/24/2013,89.01,0.07%
05/23/2013,88.95,0.23%
05/22/2013,88.75,0.10%
05/21/2013,88.66,0.56%
05/20/2013,88.17,0.41%
05/17/2013,87.81,0.18%
05/16/2013,87.65,0.00%
05/15/2013,87.65,-0.07%
05/14/2013,87.71,0.16%
05/13/2013,87.57,-0.14%
05/10/2013,87.69,1.01%
05/09/2013,86.81,0.16%
05/08/2013,86.67,0.06%
05/07/2013,86.62,-0.08%
05/06/2013,86.69,0.45%
05/03/2013,86.3,0.22%
05/02/2013,86.11,0.02%
05/01/2013,86.09,0.00%
04/30/2013,86.09,-0.78%
04/29/2013,86.77,-0.28%
04/26/2013,87.01,0.29%
04/25/2013,86.76,-0.30%
04/24/2013,87.02,0.00%
04/23/2013,87.02,0.45%
04/22/2013,86.63,0.34%
04/19/2013,86.34,0.00%
04/18/2013,86.34,-0.46%
04/17/2013,86.74,0.10%
04/16/2013,86.65,-0.87%
04/15/2013,87.41,0.19%
04/12/2013,87.24,0.01%
04/11/2013,87.23,0.00%
04/10/2013,87.23,-0.13%
04/09/2013,87.34,0.05%
04/08/2013,87.3,-0.46%
04/05/2013,87.7,-0.11%
04/04/2013,87.8,0.80%
04/03/2013,87.1,0.32%
04/02/2013,86.82,-0.05%
04/01/2013,86.86,0.00%
03/29/2013,86.86,-0.03%
03/28/2013,86.89,-0.11%
03/27/2013,86.99,0.00%
03/26/2013,86.99,0.36%
03/25/2013,86.68,-0.30%
03/22/2013,86.94,0.09%
03/21/2013,86.86,-0.15%
03/20/2013,86.99,-0.01%
03/19/2013,87.0,0.38%
03/18/2013,86.67,0.27%
03/15/2013,86.44,-0.61%
03/14/2013,86.97,0.09%
03/13/2013,86.89,0.23%
03/12/2013,86.69,-0.42%
03/11/2013,87.06,0.23%
03/08/2013,86.86,-0.50%
03/07/2013,87.3,-0.29%
03/06/2013,87.55,-0.38%
03/05/2013,87.88,0.11%
03/04/2013,87.78,-0.08%
03/01/2013,87.85,0.99%
02/28/2013,86.99,0.94%
02/27/2013,86.18,-0.43%
02/26/2013,86.55,0.42%
02/25/2013,86.19,-0.58%
02/22/2013,86.69,-0.54%
02/21/2013,87.16,0.74%
02/20/2013,86.52,-0.20%
02/19/2013,86.69,0.00%
02/18/2013,86.69,-0.08%
02/15/2013,86.76,0.56%
02/14/2013,86.28,0.19%
02/13/2013,86.12,-0.06%
02/12/2013,86.17,0.01%
02/11/2013,86.16,0.64%
02/08/2013,85.61,0.53%
02/07/2013,85.16,0.12%
02/06/2013,85.06,0.05%
02/05/2013,85.02,-0.29%
02/04/2013,85.27,0.19%
02/01/2013,85.11,-0.06%
01/31/2013,85.16,-0.15%
01/30/2013,85.29,-0.85%
01/29/2013,86.02,-0.29%
01/28/2013,86.27,0.44%
01/25/2013,85.89,0.00%
01/24/2013,85.89,0.01%
01/23/2013,85.88,-0.27%
01/22/2013,86.11,0.08%
01/21/2013,86.04,0.12%
01/18/2013,85.94,-1.24%
01/17/2013,87.02,-0.56%
01/16/2013,87.51,0.14%
01/15/2013,87.39,0.22%
01/14/2013,87.2,-0.48%
01/11/2013,87.62,0.36%
01/10/2013,87.31,-0.34%
01/09/2013,87.61,-0.43%
01/08/2013,87.99,-0.42%
01/07/2013,88.36,0.27%
01/04/2013,88.12,1.04%
01/03/2013,87.21,0.28%
01/02/2013,86.97,-0.59%
01/01/2013,87.49,-0.57%
12/31/2012,87.99,0.43%
12/28/2012,87.61,-0.33%
12/27/2012,87.9,0.17%
12/26/2012,87.75,-0.20%
12/25/2012,87.93,0.00%
12/24/2012,87.93,-0.20%
12/21/2012,88.11,0.39%
12/20/2012,87.77,0.55%
12/19/2012,87.29,-0.55%
12/18/2012,87.77,0.00%
12/17/2012,87.77,0.68%
12/14/2012,87.18,0.03%
12/13/2012,87.15,0.26%
12/12/2012,86.92,0.10%
12/11/2012,86.83,-0.41%
12/10/2012,87.19,0.03%
12/07/2012,87.16,0.62%
12/06/2012,86.62,-0.74%
12/05/2012,87.27,-0.25%
12/04/2012,87.49,-0.17%
12/03/2012,87.64,0.94%
11/30/2012,86.82,-1.06%
11/29/2012,87.75,-1.10%
11/28/2012,88.73,0.00%
11/27/2012,88.73,-0.50%
11/26/2012,89.18,0.35%
11/23/2012,88.87,0.59%
11/22/2012,88.35,0.19%
11/21/2012,88.18,0.01%
11/20/2012,88.17,0.07%
11/19/2012,88.11,-0.18%
11/16/2012,88.27,0.85%
11/15/2012,87.53,-0.33%
11/14/2012,87.82,0.00%
11/13/2012,87.82,0.00%
11/12/2012,87.82,0.24%
11/09/2012,87.61,0.72%
11/08/2012,86.98,0.29%
11/07/2012,86.73,-0.40%
11/06/2012,87.08,-0.33%
11/05/2012,87.37,1.46%
11/02/2012,86.11,1.16%
11/01/2012,85.125,-1.12%
10/31/2012,86.09,-0.30%
10/30/2012,86.35,-0.21%
10/29/2012,86.53,0.98%
10/26/2012,85.69,0.00%
10/25/2012,85.69,-0.34%
10/24/2012,85.98,0.02%
10/23/2012,85.96,0.47%
10/22/2012,85.56,-0.68%
10/19/2012,86.15,0.80%
10/18/2012,85.47,1.03%
10/17/2012,84.6,0.00%
10/16/2012,84.6,-0.27%
10/15/2012,84.83,0.39%
10/12/2012,84.5,0.26%
10/11/2012,84.28,-0.71%
10/10/2012,84.88,0.62%
10/09/2012,84.36,0.15%
10/08/2012,84.23,1.52%
10/05/2012,82.97,0.22%
10/04/2012,82.79,-0.79%
10/03/2012,83.45,-0.48%
10/02/2012,83.85,0.00%
10/01/2012,83.85,-0.85%
09/28/2012,84.57,-0.29%
09/27/2012,84.82,-0.93%
09/26/2012,85.62,0.28%
09/25/2012,85.38,-0.21%
09/24/2012,85.56,0.04%
09/21/2012,85.53,-1.70%
09/20/2012,87.01,0.66%
09/19/2012,86.44,0.00%
09/18/2012,86.44,0.01%
09/17/2012,86.43,-0.53%
09/14/2012,86.89,-2.02%
09/13/2012,88.68,0.38%
09/12/2012,88.34,-0.24%
09/11/2012,88.55,-0.18%
09/10/2012,88.71,0.15%
09/07/2012,88.58,-0.54%
09/06/2012,89.06,-0.45%
09/05/2012,89.46,0.46%
09/04/2012,89.05,0.21%
09/03/2012,88.86,0.02%
08/31/2012,88.84,-0.19%
08/30/2012,89.01,0.00%
08/29/2012,89.01,-0.07%
08/28/2012,89.07,-0.04%
08/27/2012,89.11,0.34%
08/24/2012,88.81,0.43%
08/23/2012,88.43,-0.42%
08/22/2012,88.8,0.65%
08/21/2012,88.225,-1.07%
08/20/2012,89.18,0.01%
08/17/2012,89.17,-0.04%
08/16/2012,89.21,0.18%
08/15/2012,89.05,0.00%
08/14/2012,89.05,0.56%
08/13/2012,88.55,0.11%
08/10/2012,88.45,0.01%
08/09/2012,88.44,-0.27%
08/08/2012,88.68,0.65%
08/07/2012,88.11,-0.82%
08/06/2012,88.84,-0.41%
08/03/2012,89.21,-0.16%
08/02/2012,89.35,0.66%
08/01/2012,88.76,0.16%
07/31/2012,88.62,0.00%
07/30/2012,88.62,0.10%
07/27/2012,88.53,-0.35%
07/26/2012,88.84,0.25%
07/25/2012,88.62,0.00%
07/24/2012,88.62,-0.42%
07/23/2012,88.99,0.53%
07/20/2012,88.52,-0.12%
07/19/2012,88.63,0.01%
07/18/2012,88.62,-0.01%
07/17/2012,88.63,0.00%
07/16/2012,88.63,0.45%
07/13/2012,88.23,-0.44%
07/12/2012,88.62,0.00%
07/11/2012,88.62,-0.01%
07/10/2012,88.63,2.91%
07/09/2012,86.12,0.00%
07/06/2012,86.12,0.00%
07/05/2012,86.12,0.00%
07/04/2012,86.12,0.00%
07/03/2012,86.12,-0.01%
07/02/2012,86.13,0.00%
06/29/2012,86.13,0.00%
06/28/2012,86.13,0.00%
06/27/2012,86.13,0.00%
06/26/2012,86.13,0.00%
06/25/2012,86.13,0.01%
06/22/2012,86.12,0.00%
06/21/2012,86.12,0.00%
06/20/2012,86.12,0.00%
06/19/2012,86.12,0.00%
06/18/2012,86.12,-0.01%
06/15/2012,86.13,0.00%
06/14/2012,86.13,0.01%
06/13/2012,86.12,0.00%
06/12/2012,86.12,-0.13%
06/11/2012,86.23,0.00%
06/08/2012,86.23,0.01%
06/07/2012,86.22,-0.01%
06/06/2012,86.23,0.01%
06/05/2012,86.22,-0.01%
06/04/2012,86.23,0.01%
06/01/2012,86.225,0.12%
05/31/2012,86.125,0.00%
05/30/2012,86.125,0.00%
05/29/2012,86.125,-0.30%
05/28/2012,86.38,0.01%
05/25/2012,86.37,-0.86%
05/24/2012,87.12,0.00%
05/23/2012,87.12,-0.01%
05/22/2012,87.125,1.40%
05/21/2012,85.92,-0.69%
05/18/2012,86.52,-0.73%
05/17/2012,87.16,0.62%
05/16/2012,86.62,1.03%
05/15/2012,85.74,-0.71%
05/14/2012,86.35,0.63%
05/11/2012,85.81,0.35%
05/10/2012,85.51,-0.71%
05/09/2012,86.12,1.32%
05/08/2012,85.0,1.05%
05/07/2012,84.12,-1.30%
05/04/2012,85.225,-0.29%
05/03/2012,85.47,0.85%
05/02/2012,84.75,1.05%
05/01/2012,83.87,0.00%
04/30/2012,83.87,-0.24%
04/27/2012,84.07,1.14%
04/26/2012,83.12,-1.13%
04/25/2012,84.07,0.42%
04/24/2012,83.72,-0.35%
04/23/2012,84.01,0.83%
04/20/2012,83.32,-0.13%
04/19/2012,83.43,1.84%
04/18/2012,81.92,0.00%
04/17/2012,81.92,-0.92%
04/16/2012,82.68,0.74%
04/13/2012,82.07,-0.58%
04/12/2012,82.55,0.33%
04/11/2012,82.28,-0.11%
04/10/2012,82.37,1.29%
04/09/2012,81.32,0.23%
04/06/2012,81.13,0.00%
04/05/2012,81.13,0.01%
04/04/2012,81.12,1.24%
04/03/2012,80.13,-1.56%
04/02/2012,81.4,0.00%
03/30/2012,81.4,0.35%
03/29/2012,81.12,-0.16%
03/28/2012,81.25,0.20%
03/27/2012,81.09,-0.04%
03/26/2012,81.12,-0.93%
03/23/2012,81.88,0.00%
03/22/2012,81.88,1.01%
03/21/2012,81.06,1.16%
03/20/2012,80.13,-0.31%
03/19/2012,80.38,0.11%
03/16/2012,80.29,-0.41%
03/15/2012,80.62,0.94%
03/14/2012,79.87,-0.01%
03/13/2012,79.88,-0.10%
03/12/2012,79.96,0.81%
03/09/2012,79.32,-0.38%
03/08/2012,79.62,-1.03%
03/07/2012,80.45,-0.17%
03/06/2012,80.59,1.05%
03/05/2012,79.75,0.68%
03/02/2012,79.21,1.40%
03/01/2012,78.12,-0.38%
02/29/2012,78.42,-0.13%
02/28/2012,78.52,-0.30%
02/27/2012,78.76,0.60%
02/24/2012,78.29,0.22%
02/23/2012,78.12,0.00%
02/22/2012,78.12,0.00%
02/21/2012,78.12,-0.79%
02/20/2012,78.74,-0.13%
02/17/2012,78.84,0.60%
02/16/2012,78.37,-0.62%
02/15/2012,78.86,-0.15%
02/14/2012,78.98,0.34%
02/13/2012,78.71,0.10%
02/10/2012,78.63,0.01%
02/09/2012,78.62,-1.27%
02/08/2012,79.63,1.14%
02/07/2012,78.73,0.29%
02/06/2012,78.5,1.45%
02/03/2012,77.38,-0.69%
02/02/2012,77.92,-0.19%
02/01/2012,78.07,-1.31%
01/31/2012,79.11,0.94%
01/30/2012,78.37,-0.66%
01/27/2012,78.89,-0.42%
01/26/2012,79.22,-0.50%
01/25/2012,79.62,0.00%
01/24/2012,79.62,0.00%
01/23/2012,79.62,-1.12%
01/20/2012,80.52,1.12%
01/19/2012,79.63,-1.24%
01/18/2012,80.63,0.01%
01/17/2012,80.62,-1.91%
01/16/2012,82.19,0.70%
01/13/2012,81.62,0.00%
01/12/2012,81.62,0.00%
01/11/2012,81.62,-0.01%
01/10/2012,81.63,-2.09%
01/09/2012,83.37,0.00%
01/06/2012,83.37,-1.13%
01/05/2012,84.32,-0.12%
01/04/2012,84.42,0.00%
01/03/2012,84.42,-1.02%
01/02/2012,85.29,0.38%
12/30/2011,84.97,0.07%
12/29/2011,84.91,0.17%
12/28/2011,84.77,0.77%
12/27/2011,84.12,-0.27%
12/26/2011,84.35,0.99%
12/23/2011,83.52,-1.01%
12/22/2011,84.37,0.29%
12/21/2011,84.13,-0.56%
12/20/2011,84.6,0.57%
12/19/2011,84.12,-0.01%
12/16/2011,84.13,-1.98%
12/15/2011,85.83,4.77%
12/14/2011,81.92,0.00%
12/13/2011,81.92,0.00%
12/12/2011,81.92,0.24%
12/09/2011,81.72,-1.32%
12/08/2011,82.81,1.09%
12/07/2011,81.92,0.24%
12/06/2011,81.72,-0.24%
12/05/2011,81.92,0.00%
12/02/2011,81.92,-0.51%
12/01/2011,82.34,-0.34%
11/30/2011,82.62,-0.42%
11/29/2011,82.97,0.42%
11/28/2011,82.62,-0.60%
11/25/2011,83.12,-0.23%
11/24/2011,83.31,-0.05%
11/23/2011,83.35,-0.04%
11/22/2011,83.38,-0.11%
11/21/2011,83.47,1.61%
11/18/2011,82.15,0.90%
11/17/2011,81.42,1.04%
11/16/2011,80.58,-0.60%
11/15/2011,81.07,1.94%
11/14/2011,79.53,-0.84%
11/11/2011,80.2,-0.11%
11/10/2011,80.29,0.96%
11/09/2011,79.53,1.79%
11/08/2011,78.13,0.01%
11/07/2011,78.12,-0.57%
11/04/2011,78.57,0.26%
11/03/2011,78.37,-0.41%
11/02/2011,78.69,-0.24%
11/01/2011,78.88,1.25%
10/31/2011,77.91,-1.22%
10/28/2011,78.87,-0.33%
10/27/2011,79.13,0.01%
10/26/2011,79.12,0.00%
10/25/2011,79.12,-0.01%
10/24/2011,79.13,-1.14%
10/21/2011,80.04,0.44%
10/20/2011,79.69,1.32%
10/19/2011,78.65,-0.28%
10/18/2011,78.87,0.69%
10/17/2011,78.33,-0.11%
10/14/2011,78.42,3.02%
10/13/2011,76.12,-2.82%
10/12/2011,78.33,-0.79%
10/11/2011,78.95,0.75%
10/10/2011,78.36,-0.37%
10/07/2011,78.65,-0.38%
10/06/2011,78.95,0.00%
10/05/2011,78.95,-0.13%
10/04/2011,79.05,0.51%
10/03/2011,78.65,3.31%
09/30/2011,76.13,0.01%
09/29/2011,76.12,-2.42%
09/28/2011,78.01,-0.64%
09/27/2011,78.51,-0.77%
09/26/2011,79.12,0.04%
09/23/2011,79.09,-0.29%
09/22/2011,79.32,2.57%
09/21/2011,77.33,5.76%
09/20/2011,73.12,-4.42%
09/19/2011,76.5,4.62%
09/16/2011,73.12,-3.90%
09/15/2011,76.09,-0.18%
09/14/2011,76.23,0.11%
09/13/2011,76.15,0.78%
09/12/2011,75.56,3.34%
09/09/2011,73.12,0.00%
09/08/2011,73.12,0.00%
09/07/2011,73.12,-0.01%
09/06/2011,73.13,-0.63%
09/05/2011,73.59,0.45%
09/02/2011,73.26,0.54%
09/01/2011,72.87,0.00%
08/31/2011,72.87,0.00%
08/30/2011,72.87,-1.11%
08/29/2011,73.69,-0.22%
08/26/2011,73.85,0.24%
08/25/2011,73.67,0.74%
08/24/2011,73.13,0.18%
08/23/2011,73.0,-0.10%
08/22/2011,73.07,-0.18%
08/19/2011,73.2,0.01%
08/18/2011,73.19,0.73%
08/17/2011,72.66,0.07%
08/16/2011,72.61,3.55%
08/15/2011,70.12,-3.35%
08/12/2011,72.55,-0.15%
08/11/2011,72.66,0.35%
08/10/2011,72.41,0.11%
08/09/2011,72.33,0.53%
08/08/2011,71.95,0.53%
08/05/2011,71.57,0.42%
08/04/2011,71.27,1.64%
08/03/2011,70.12,0.00%
08/02/2011,70.12,0.00%
08/01/2011,70.12,-0.83%
07/29/2011,70.71,0.26%
07/28/2011,70.53,0.00%
07/27/2011,70.53,-0.23%
07/26/2011,70.69,-0.49%
07/25/2011,71.04,0.10%
07/22/2011,70.97,-0.34%
07/21/2011,71.21,0.13%
07/20/2011,71.12,-0.10%
07/19/2011,71.19,-0.17%
07/18/2011,71.31,0.11%
07/15/2011,71.23,0.03%
07/14/2011,71.21,-0.04%
07/13/2011,71.24,-0.41%
07/12/2011,71.53,0.49%
07/11/2011,71.18,0.35%
07/08/2011,70.93,-0.23%
07/07/2011,71.09,-0.11%
07/06/2011,71.17,0.11%
07/05/2011,71.09,0.00%
07/04/2011,71.09,-0.32%
07/01/2011,71.32,-0.28%
06/30/2011,71.52,-0.38%
06/29/2011,71.79,-0.39%
06/28/2011,72.07,0.03%
06/27/2011,72.05,0.08%
06/24/2011,71.99,0.08%
06/23/2011,71.93,0.14%
06/22/2011,71.83,0.11%
06/21/2011,71.75,-0.35%
06/20/2011,72.0,0.29%
06/17/2011,71.79,-0.08%
06/16/2011,71.85,0.31%
06/15/2011,71.63,0.05%
06/14/2011,71.595,-0.27%
06/13/2011,71.79,0.32%
06/10/2011,71.56,-0.03%
06/09/2011,71.58,0.07%
06/08/2011,71.53,0.07%
06/07/2011,71.48,-0.18%
06/06/2011,71.61,-0.11%
06/03/2011,71.69,-0.04%
06/02/2011,71.72,-0.04%
06/01/2011,71.75,-0.49%
05/31/2011,72.1,-0.05%
05/30/2011,72.135,-0.18%
05/27/2011,72.265,-0.31%
05/26/2011,72.49,-0.04%
05/25/2011,72.52,0.23%
05/24/2011,72.35,-0.03%
05/23/2011,72.37,0.55%
05/20/2011,71.975,0.02%
05/19/2011,71.96,-0.19%
05/18/2011,72.1,-0.21%
05/17/2011,72.25,0.00%
05/16/2011,72.25,0.65%
05/13/2011,71.785,-0.27%
05/12/2011,71.98,0.68%
05/11/2011,71.495,-0.13%
05/10/2011,71.59,0.04%
05/09/2011,71.56,-0.15%
05/06/2011,71.665,0.06%
05/05/2011,71.625,0.67%
05/04/2011,71.15,-0.14%
05/03/2011,71.25,0.45%
05/02/2011,70.93,0.26%
04/29/2011,70.745,-0.49%
04/28/2011,71.095,0.00%
04/27/2011,71.095,-0.18%
04/26/2011,71.225,0.07%
04/25/2011,71.175,0.26%
04/22/2011,70.99,0.00%
04/21/2011,70.99,0.10%
04/20/2011,70.92,-0.35%
04/19/2011,71.17,0.06%
04/18/2011,71.13,0.28%
04/15/2011,70.93,-0.39%
04/14/2011,71.21,0.00%
04/13/2011,71.21,0.25%
04/12/2011,71.03,0.00%
04/11/2011,71.03,0.74%
04/08/2011,70.51,-0.31%
04/07/2011,70.73,0.86%
04/06/2011,70.125,-1.34%
04/05/2011,71.08,-0.24%
04/04/2011,71.25,-0.14%
04/01/2011,71.35,0.00%
03/31/2011,71.35,-0.35%
03/30/2011,71.6,-0.07%
03/29/2011,71.65,-0.13%
03/28/2011,71.74,0.38%
03/25/2011,71.47,-0.18%
03/24/2011,71.6,-0.22%
03/23/2011,71.76,-0.26%
03/22/2011,71.945,-0.10%
03/21/2011,72.02,-0.24%
03/18/2011,72.19,-0.14%
03/17/2011,72.29,0.15%
03/16/2011,72.18,0.56%
03/15/2011,71.775,-0.46%
03/14/2011,72.105,-0.39%
03/11/2011,72.39,0.12%
03/10/2011,72.3,0.40%
03/09/2011,72.01,-0.17%
03/08/2011,72.13,0.07%
03/07/2011,72.08,0.14%
03/04/2011,71.98,-0.12%
03/03/2011,72.07,0.22%
03/02/2011,71.91,0.00%
03/01/2011,71.91,-0.70%
02/28/2011,72.42,-0.14%
02/25/2011,72.52,-0.33%
02/24/2011,72.76,1.59%
02/23/2011,71.62,-1.12%
02/22/2011,72.43,0.63%
02/21/2011,71.98,-0.46%
02/18/2011,72.31,-0.32%
02/17/2011,72.54,0.58%
02/16/2011,72.12,0.00%
02/15/2011,72.12,-0.01%
02/14/2011,72.13,-1.31%
02/11/2011,73.09,-0.11%
02/10/2011,73.17,0.55%
02/09/2011,72.77,0.41%
02/08/2011,72.47,0.49%
02/07/2011,72.12,-0.63%
02/04/2011,72.58,-0.55%
02/03/2011,72.98,-0.03%
02/02/2011,73.0,0.52%
02/01/2011,72.62,-0.36%
01/31/2011,72.88,0.34%
01/28/2011,72.63,0.71%
01/27/2011,72.12,-0.36%
01/26/2011,72.38,-1.05%
01/25/2011,73.15,0.08%
01/24/2011,73.09,0.14%
01/21/2011,72.99,0.19%
01/20/2011,72.85,0.16%
01/19/2011,72.73,0.11%
01/18/2011,72.65,-0.25%
01/17/2011,72.83,0.33%
01/14/2011,72.59,0.28%
01/13/2011,72.39,0.25%
01/12/2011,72.21,0.67%
01/11/2011,71.73,-1.36%
01/10/2011,72.72,0.14%
01/07/2011,72.62,0.32%
01/06/2011,72.39,-0.19%
01/05/2011,72.53,0.76%
01/04/2011,71.98,0.63%
01/03/2011,71.53,0.00%
12/31/2010,71.53,-0.56%
12/30/2010,71.93,-0.19%
12/29/2010,72.07,-0.11%
12/28/2010,72.15,-0.33%
12/27/2010,72.39,0.29%
12/24/2010,72.18,-0.12%
12/23/2010,72.27,0.18%
12/22/2010,72.14,-0.32%
12/21/2010,72.37,-0.54%
12/20/2010,72.76,0.29%
12/17/2010,72.55,0.00%
12/16/2010,72.55,-0.12%
12/15/2010,72.64,1.00%
12/14/2010,71.92,-0.40%
12/13/2010,72.21,0.17%
12/10/2010,72.09,-0.36%
12/09/2010,72.35,0.33%
12/08/2010,72.11,0.95%
12/07/2010,71.43,-0.71%
12/06/2010,71.94,-0.29%
12/03/2010,72.15,-0.41%
12/02/2010,72.45,-0.21%
12/01/2010,72.6,-1.10%
11/30/2010,73.41,-0.12%
11/29/2010,73.5,0.20%
11/26/2010,73.35,0.69%
11/25/2010,72.85,-0.37%
11/24/2010,73.12,0.29%
11/23/2010,72.91,0.34%
11/22/2010,72.66,0.26%
11/19/2010,72.47,0.15%
11/18/2010,72.36,1.02%
11/17/2010,71.63,0.00%
11/16/2010,71.63,-1.02%
11/15/2010,72.37,0.95%
11/12/2010,71.69,1.11%
11/11/2010,70.9,0.01%
11/10/2010,70.89,-0.01%
11/09/2010,70.9,1.10%
11/08/2010,70.13,0.29%
11/05/2010,69.93,0.00%
11/04/2010,69.93,-1.47%
11/03/2010,70.97,-0.03%
11/02/2010,70.99,-0.22%
11/01/2010,71.15,0.10%
10/29/2010,71.08,-0.25%
10/28/2010,71.26,0.20%
10/27/2010,71.12,1.28%
10/26/2010,70.22,-1.06%
10/25/2010,70.97,-0.53%
10/22/2010,71.35,0.63%
10/21/2010,70.9,0.97%
10/20/2010,70.22,-1.06%
10/19/2010,70.97,1.07%
10/18/2010,70.22,-0.52%
10/15/2010,70.59,1.10%
10/14/2010,69.82,-0.99%
10/13/2010,70.52,-0.14%
10/12/2010,70.62,-0.61%
10/11/2010,71.05,0.61%
10/08/2010,70.62,-0.14%
10/07/2010,70.72,0.13%
10/06/2010,70.63,-3.75%
10/05/2010,73.38,4.64%
10/04/2010,70.125,-1.26%
10/01/2010,71.02,-0.21%
09/30/2010,71.17,-0.01%
09/29/2010,71.18,0.08%
09/28/2010,71.12,-1.25%
09/27/2010,72.02,-0.14%
09/24/2010,72.12,-0.55%
09/23/2010,72.52,-0.01%
09/22/2010,72.53,-0.74%
09/21/2010,73.07,0.76%
09/20/2010,72.52,-1.12%
09/17/2010,73.34,-0.66%
09/16/2010,73.83,0.63%
09/15/2010,73.37,-0.01%
09/14/2010,73.38,-0.66%
09/13/2010,73.87,0.68%
09/10/2010,73.37,0.00%
09/09/2010,73.37,-1.19%
09/08/2010,74.25,-0.91%
09/07/2010,74.93,0.62%
09/06/2010,74.47,1.15%
09/03/2010,73.62,-1.52%
09/02/2010,74.76,-0.17%
09/01/2010,74.89,1.24%
08/31/2010,73.97,-0.01%
08/30/2010,73.98,0.01%
08/27/2010,73.97,-1.31%
08/26/2010,74.95,1.32%
08/25/2010,73.97,-0.01%
08/24/2010,73.98,0.01%
08/23/2010,73.97,-0.95%
08/20/2010,74.68,0.95%
08/19/2010,73.98,-0.70%
08/18/2010,74.5,0.65%
08/17/2010,74.02,-1.15%
08/16/2010,74.88,1.01%
08/13/2010,74.13,0.62%
08/12/2010,73.67,0.00%
08/11/2010,73.67,0.00%
08/10/2010,73.67,-0.18%
08/09/2010,73.8,-0.07%
08/06/2010,73.85,-0.05%
08/05/2010,73.89,-0.24%
08/04/2010,74.07,0.27%
08/03/2010,73.87,-0.16%
08/02/2010,73.99,-0.35%
07/30/2010,74.25,-0.28%
07/29/2010,74.46,-0.48%
07/28/2010,74.82,0.23%
07/27/2010,74.65,-0.85%
07/26/2010,75.29,0.25%
07/23/2010,75.1,-0.40%
07/22/2010,75.4,-0.09%
07/21/2010,75.47,-0.40%
07/20/2010,75.77,0.50%
07/19/2010,75.39,0.72%
07/16/2010,74.85,0.35%
07/15/2010,74.59,-0.19%
07/14/2010,74.73,-0.13%
07/13/2010,74.83,0.01%
07/12/2010,74.82,0.20%
07/09/2010,74.67,-0.40%
07/08/2010,74.97,-0.35%
07/07/2010,75.23,0.24%
07/06/2010,75.05,0.28%
07/05/2010,74.84,0.03%
07/02/2010,74.82,0.39%
07/01/2010,74.53,0.30%
06/30/2010,74.31,-0.08%
06/29/2010,74.37,0.60%
06/28/2010,73.93,-0.15%
06/25/2010,74.04,-0.47%
06/24/2010,74.39,0.69%
06/23/2010,73.88,-0.15%
06/22/2010,73.99,1.07%
06/21/2010,73.21,-0.91%
06/18/2010,73.88,-0.26%
06/17/2010,74.07,-0.56%
06/16/2010,74.49,0.00%
06/15/2010,74.49,0.13%
06/14/2010,74.39,-0.72%
06/11/2010,74.93,-0.27%
06/10/2010,75.13,-0.12%
06/09/2010,75.22,0.17%
06/08/2010,75.09,-0.33%
06/07/2010,75.34,0.49%
06/04/2010,74.97,0.42%
06/03/2010,74.66,-0.68%
06/02/2010,75.17,-0.37%
06/01/2010,75.45,1.71%
05/31/2010,74.18,0.04%
05/28/2010,74.15,-0.30%
05/27/2010,74.37,-1.72%
05/26/2010,75.67,-0.86%
05/25/2010,76.33,1.56%
05/24/2010,75.16,0.07%
05/21/2010,75.11,0.28%
05/20/2010,74.9,0.96%
05/19/2010,74.19,1.70%
05/18/2010,72.95,-0.05%
05/17/2010,72.99,0.88%
05/14/2010,72.35,0.32%
05/13/2010,72.12,-0.10%
05/12/2010,72.19,-0.35%
05/11/2010,72.44,0.95%
05/10/2010,71.76,-1.39%
05/07/2010,72.77,0.39%
05/06/2010,72.49,0.82%
05/05/2010,71.9,0.73%
05/04/2010,71.38,0.21%
05/03/2010,71.23,0.35%
04/30/2010,70.98,-0.35%
04/29/2010,71.23,-0.28%
04/28/2010,71.43,0.45%
04/27/2010,71.11,0.11%
04/26/2010,71.03,-0.08%
04/23/2010,71.09,-0.24%
04/22/2010,71.26,-0.04%
04/21/2010,71.29,0.24%
04/20/2010,71.12,-0.64%
04/19/2010,71.575,0.94%
04/16/2010,70.91,-0.27%
04/15/2010,71.1,-0.08%
04/14/2010,71.16,0.00%
04/13/2010,71.16,0.04%
04/12/2010,71.13,0.40%
04/09/2010,70.85,-0.40%
04/08/2010,71.135,-0.19%
04/07/2010,71.27,0.20%
04/06/2010,71.13,0.04%
04/05/2010,71.1,-0.03%
04/02/2010,71.12,-0.71%
04/01/2010,71.63,0.00%
03/31/2010,71.63,-1.04%
03/30/2010,72.38,0.61%
03/29/2010,71.94,-0.61%
03/26/2010,72.38,0.01%
03/25/2010,72.37,-0.82%
03/24/2010,72.97,0.83%
03/23/2010,72.37,-0.77%
03/22/2010,72.93,0.16%
03/19/2010,72.81,0.12%
03/18/2010,72.72,0.23%
03/17/2010,72.55,-0.44%
03/16/2010,72.87,-0.10%
03/15/2010,72.945,0.34%
03/12/2010,72.7,-0.40%
03/11/2010,72.99,0.52%
03/10/2010,72.61,-0.53%
03/09/2010,73.0,0.22%
03/08/2010,72.84,-0.18%
03/05/2010,72.97,-0.45%
03/04/2010,73.3,-0.03%
03/03/2010,73.32,-0.58%
03/02/2010,73.75,0.00%
03/01/2010,73.75,0.01%
02/26/2010,73.74,-0.69%
02/25/2010,74.25,0.18%
02/24/2010,74.12,0.18%
02/23/2010,73.99,0.05%
02/22/2010,73.95,-0.19%
02/19/2010,74.09,0.07%
02/18/2010,74.04,0.37%
02/17/2010,73.77,-0.23%
02/16/2010,73.94,-0.24%
02/15/2010,74.12,-0.29%
02/12/2010,74.335,-0.06%
02/11/2010,74.38,-0.01%
02/10/2010,74.39,-0.35%
02/09/2010,74.65,-0.32%
02/08/2010,74.89,0.17%
02/05/2010,74.76,1.01%
02/04/2010,74.01,0.61%
02/03/2010,73.56,1.01%
02/02/2010,72.825,0.01%
02/01/2010,72.82,-1.42%
01/29/2010,73.87,-0.40%
01/28/2010,74.17,1.85%
01/27/2010,72.825,0.01%
01/26/2010,72.82,0.00%
01/25/2010,72.82,-1.39%
01/22/2010,73.85,1.41%
01/21/2010,72.82,-0.01%
01/20/2010,72.825,-0.01%
01/19/2010,72.83,-0.27%
01/18/2010,73.03,0.56%
01/15/2010,72.62,-0.01%
01/14/2010,72.625,-0.47%
01/13/2010,72.97,0.48%
01/12/2010,72.625,0.00%
01/11/2010,72.625,0.01%
01/08/2010,72.62,0.00%
01/07/2010,72.62,-0.01%
01/06/2010,72.625,-2.03%
01/05/2010,74.13,0.07%
01/04/2010,74.075,-0.68%
01/01/2010,74.585,0.63%
12/31/2009,74.12,-0.90%
12/30/2009,74.79,0.90%
12/29/2009,74.12,-0.01%
12/28/2009,74.13,0.01%
12/25/2009,74.12,0.00%
12/24/2009,74.12,-1.17%
12/23/2009,75.0,0.15%
12/22/2009,74.89,1.04%
12/21/2009,74.12,0.00%
12/18/2009,74.12,-1.20%
12/17/2009,75.02,1.21%
12/16/2009,74.12,0.00%
12/15/2009,74.12,-0.01%
12/14/2009,74.13,1.38%
12/11/2009,73.12,0.00%
12/10/2009,73.12,0.00%
12/09/2009,73.12,-2.09%
12/08/2009,74.68,0.24%
12/07/2009,74.5,0.58%
12/04/2009,74.07,1.30%
12/03/2009,73.12,-1.40%
12/02/2009,74.16,1.42%
12/01/2009,73.12,-1.75%
11/30/2009,74.42,-0.29%
11/27/2009,74.64,0.44%
11/26/2009,74.31,1.63%
11/25/2009,73.12,-1.46%
11/24/2009,74.2,1.48%
11/23/2009,73.12,-1.94%
11/20/2009,74.57,-0.17%
11/19/2009,74.7,2.16%
11/18/2009,73.12,-1.32%
11/17/2009,74.095,0.64%
11/16/2009,73.625,0.00%
11/13/2009,73.625,0.01%
11/12/2009,73.62,-0.65%
11/11/2009,74.1,0.65%
11/10/2009,73.62,0.00%
11/09/2009,73.62,-1.70%
11/06/2009,74.89,-0.47%
11/05/2009,75.24,-0.07%
11/04/2009,75.29,0.23%
11/03/2009,75.12,1.68%
11/02/2009,73.88,0.01%
10/30/2009,73.87,-0.67%
10/29/2009,74.37,-1.82%
10/28/2009,75.75,2.89%
10/27/2009,73.62,0.00%
10/26/2009,73.62,0.06%
10/23/2009,73.575,-1.61%
10/22/2009,74.78,0.52%
10/21/2009,74.39,0.83%
10/20/2009,73.78,-0.39%
10/19/2009,74.07,0.01%
10/16/2009,74.06,0.11%
10/15/2009,73.98,0.22%
10/14/2009,73.82,0.61%
10/13/2009,73.37,-1.37%
10/12/2009,74.39,-1.63%
10/09/2009,75.625,-0.01%
10/08/2009,75.63,1.29%
10/07/2009,74.67,-0.49%
10/06/2009,75.04,-1.32%
10/05/2009,76.04,0.56%
10/02/2009,75.62,-1.00%
10/01/2009,76.38,0.33%
09/30/2009,76.125,0.01%
09/29/2009,76.12,-0.83%
09/28/2009,76.76,0.84%
09/25/2009,76.12,-0.79%
09/24/2009,76.73,0.80%
09/23/2009,76.12,-0.99%
09/22/2009,76.88,0.01%
09/21/2009,76.87,-0.20%
09/18/2009,77.025,-0.03%
09/17/2009,77.05,0.56%
09/16/2009,76.62,-0.52%
09/15/2009,77.02,-0.14%
09/14/2009,77.13,0.13%
09/11/2009,77.03,-1.00%
09/10/2009,77.81,0.88%
09/09/2009,77.13,0.33%
09/08/2009,76.88,-1.25%
09/07/2009,77.85,0.93%
09/04/2009,77.13,-0.39%
09/03/2009,77.43,0.39%
09/02/2009,77.13,-1.67%
09/01/2009,78.44,3.04%
08/31/2009,76.125,-0.32%
08/28/2009,76.37,-2.43%
08/27/2009,78.27,0.31%
08/26/2009,78.03,0.03%
08/25/2009,78.01,0.28%
08/24/2009,77.79,1.86%
08/21/2009,76.37,0.00%
08/20/2009,76.37,-2.46%
08/19/2009,78.3,0.29%
08/18/2009,78.07,-0.71%
08/17/2009,78.63,1.87%
08/14/2009,77.19,1.07%
08/13/2009,76.37,0.00%
08/12/2009,76.37,0.33%
08/11/2009,76.12,-0.33%
08/10/2009,76.37,0.32%
08/07/2009,76.125,-0.22%
08/06/2009,76.29,0.32%
08/05/2009,76.05,-0.45%
08/04/2009,76.39,0.69%
08/03/2009,75.87,-0.33%
07/31/2009,76.12,-0.92%
07/30/2009,76.83,-0.83%
07/29/2009,77.47,0.41%
07/28/2009,77.15,1.69%
07/27/2009,75.87,-0.33%
07/24/2009,76.12,0.00%
07/23/2009,76.12,-1.95%
07/22/2009,77.63,0.19%
07/21/2009,77.48,0.47%
07/20/2009,77.12,1.31%
07/17/2009,76.12,-2.25%
07/16/2009,77.87,2.30%
07/15/2009,76.12,-2.20%
07/14/2009,77.83,-0.57%
07/13/2009,78.28,-0.15%
07/10/2009,78.4,0.59%
07/09/2009,77.94,-0.36%
07/08/2009,78.22,0.90%
07/07/2009,77.52,1.53%
07/06/2009,76.35,-0.38%
07/03/2009,76.64,0.68%
07/02/2009,76.12,-0.33%
07/01/2009,76.37,0.20%
06/30/2009,76.22,-1.59%
06/29/2009,77.45,0.00%
06/26/2009,77.45,-0.14%
06/25/2009,77.555,0.33%
06/24/2009,77.3,-0.77%
06/23/2009,77.9,0.97%
06/22/2009,77.15,0.46%
06/19/2009,76.8,-0.26%
06/18/2009,77.0,0.69%
06/17/2009,76.475,0.23%
06/16/2009,76.3,-0.07%
06/15/2009,76.35,1.29%
06/12/2009,75.375,-0.43%
06/11/2009,75.7,0.33%
06/10/2009,75.45,0.10%
06/09/2009,75.375,-0.18%
06/08/2009,75.51,-0.81%
06/05/2009,76.125,1.10%
06/04/2009,75.3,0.80%
06/03/2009,74.7,0.00%
06/02/2009,74.7,-1.88%
06/01/2009,76.13,1.01%
05/29/2009,75.37,-0.70%
05/28/2009,75.9,0.00%
05/27/2009,75.9,0.00%
05/26/2009,75.9,0.32%
05/25/2009,75.655,0.34%
05/22/2009,75.4,-0.33%
05/21/2009,75.65,-0.63%
05/20/2009,76.13,0.01%
05/19/2009,76.125,-1.17%
05/18/2009,77.025,-2.99%
05/15/2009,79.4,0.00%
05/14/2009,79.4,0.67%
05/13/2009,78.87,0.22%
05/12/2009,78.7,0.00%
05/11/2009,78.7,0.00%
05/08/2009,78.7,-0.13%
05/07/2009,78.8,-0.19%
05/06/2009,78.95,-0.13%
05/05/2009,79.05,-0.25%
05/04/2009,79.25,-0.38%
05/01/2009,79.55,0.00%
04/30/2009,79.55,-0.62%
04/29/2009,80.05,-0.44%
04/28/2009,80.4,0.50%
04/27/2009,80.0,-0.06%
04/24/2009,80.05,-0.31%
04/23/2009,80.3,0.02%
04/22/2009,80.28,1.78%
04/21/2009,78.875,-1.04%
04/20/2009,79.7,0.38%
04/17/2009,79.4,0.13%
04/16/2009,79.3,-0.31%
04/15/2009,79.55,0.06%
04/14/2009,79.5,0.00%
04/13/2009,79.5,-0.58%
04/10/2009,79.96,1.38%
04/09/2009,78.87,-2.20%
04/08/2009,80.645,2.24%
04/07/2009,78.875,-1.16%
04/06/2009,79.8,0.57%
04/03/2009,79.35,-1.37%
04/02/2009,80.45,-1.34%
04/01/2009,81.545,0.00%
03/31/2009,81.545,0.00%
03/30/2009,81.545,0.43%
03/27/2009,81.195,-1.07%
03/26/2009,82.075,1.48%
03/25/2009,80.88,-1.46%
03/24/2009,82.08,2.66%
03/23/2009,79.95,0.00%
03/20/2009,79.95,-1.66%
03/19/2009,81.3,-0.94%
03/18/2009,82.075,0.00%
03/17/2009,82.075,-0.51%
03/16/2009,82.495,0.00%
03/13/2009,82.495,0.06%
03/12/2009,82.445,0.38%
03/11/2009,82.13,0.00%
03/10/2009,82.13,-0.05%
03/09/2009,82.175,-0.39%
03/06/2009,82.5,-0.11%
03/05/2009,82.59,-0.19%
03/04/2009,82.75,0.24%
03/03/2009,82.55,2.23%
03/02/2009,80.75,0.00%
02/27/2009,80.75,4.36%
02/26/2009,77.375,0.01%
02/25/2009,77.37,-2.92%
02/24/2009,79.7,0.00%
02/23/2009,79.7,1.37%
02/20/2009,78.625,-1.10%
02/19/2009,79.5,1.11%
02/18/2009,78.625,-0.41%
02/17/2009,78.95,1.54%
02/16/2009,77.755,-0.19%
02/13/2009,77.905,0.13%
02/12/2009,77.805,-0.15%
02/11/2009,77.925,0.15%
02/10/2009,77.805,-0.06%
02/09/2009,77.855,0.30%
02/06/2009,77.62,-0.49%
02/05/2009,78.005,0.32%
02/04/2009,77.755,2.14%
02/03/2009,76.125,-2.72%
02/02/2009,78.25,-0.26%
01/30/2009,78.455,0.58%
01/29/2009,78.005,0.00%
01/28/2009,78.005,-0.57%
01/27/2009,78.45,-0.32%
01/26/2009,78.7,1.71%
01/23/2009,77.38,0.32%
01/22/2009,77.13,-1.53%
01/21/2009,78.33,0.49%
01/20/2009,77.95,0.17%
01/19/2009,77.82,-0.17%
01/16/2009,77.955,-0.57%
01/15/2009,78.4,0.26%
01/14/2009,78.2,0.00%
01/13/2009,78.2,0.64%
01/12/2009,77.705,-0.22%
01/09/2009,77.875,0.09%
01/08/2009,77.805,0.69%
01/07/2009,77.275,0.19%
01/06/2009,77.13,0.33%
01/05/2009,76.875,-2.26%
01/02/2009,78.655,0.84%
01/01/2009,78.0,0.70%
12/31/2008,77.46,-0.30%
12/30/2008,77.69,0.18%
12/29/2008,77.55,0.52%
12/26/2008,77.15,0.00%
12/25/2008,77.15,0.00%
12/24/2008,77.15,-0.45%
12/23/2008,77.5,4.24%
12/22/2008,74.35,-0.69%
12/19/2008,74.865,0.33%
12/18/2008,74.62,-0.84%
12/17/2008,75.25,-0.50%
12/16/2008,75.625,-1.00%
12/15/2008,76.39,-1.24%
12/12/2008,77.35,1.22%
12/11/2008,76.42,-2.18%
12/10/2008,78.125,-0.64%
12/09/2008,78.625,0.00%
12/08/2008,78.625,-0.25%
12/05/2008,78.825,-0.06%
12/04/2008,78.875,-1.04%
12/03/2008,79.7,-1.23%
12/02/2008,80.695,0.87%
12/01/2008,80.0,0.38%
11/28/2008,79.7,0.25%
11/27/2008,79.5,0.00%
11/26/2008,79.5,-0.44%
11/25/2008,79.85,0.16%
11/24/2008,79.725,-0.24%
11/21/2008,79.92,-0.69%
11/20/2008,80.475,1.34%
11/19/2008,79.41,0.49%
11/18/2008,79.02,1.31%
11/17/2008,77.995,-0.77%
11/14/2008,78.6,0.19%
11/13/2008,78.45,1.45%
11/12/2008,77.325,2.13%
11/11/2008,75.71,0.28%
11/10/2008,75.5,-0.03%
11/07/2008,75.525,-0.78%
11/06/2008,76.12,0.98%
11/05/2008,75.38,-1.29%
11/04/2008,76.365,-2.78%
11/03/2008,78.55,-0.38%
10/31/2008,78.85,-0.22%
10/30/2008,79.025,-0.58%
10/29/2008,79.485,-0.01%
10/28/2008,79.495,0.15%
10/27/2008,79.375,-0.44%
10/24/2008,79.725,0.25%
10/23/2008,79.525,1.05%
10/22/2008,78.7,0.77%
10/21/2008,78.1,-0.03%
10/20/2008,78.125,1.30%
10/17/2008,77.125,-0.24%
10/16/2008,77.31,0.00%
10/15/2008,77.31,1.06%
10/14/2008,76.5,-0.93%
10/13/2008,77.215,2.88%
10/10/2008,75.05,-0.10%
10/09/2008,75.125,0.10%
10/08/2008,75.05,-1.77%
10/07/2008,76.4,1.80%
10/06/2008,75.05,2.81%
10/03/2008,73.0,-2.01%
10/02/2008,74.5,0.00%
10/01/2008,74.5,2.05%
09/30/2008,73.0,-2.01%
09/29/2008,74.5,2.05%
09/26/2008,73.0,0.00%
09/25/2008,73.0,-0.17%
09/24/2008,73.125,0.52%
09/23/2008,72.75,0.10%
09/22/2008,72.675,-0.88%
09/19/2008,73.32,-1.62%
09/18/2008,74.525,1.05%
09/17/2008,73.75,0.14%
09/16/2008,73.65,0.03%
09/15/2008,73.625,1.55%
09/12/2008,72.5,0.00%
09/11/2008,72.5,0.49%
09/10/2008,72.15,0.87%
09/09/2008,71.525,0.88%
09/08/2008,70.9,1.07%
09/05/2008,70.15,-1.06%
09/04/2008,70.9,0.46%
09/03/2008,70.575,0.25%
09/02/2008,70.4,-0.32%
09/01/2008,70.625,0.68%
08/29/2008,70.15,-0.32%
08/28/2008,70.375,-0.11%
08/27/2008,70.45,0.00%
08/26/2008,70.45,1.15%
08/25/2008,69.65,0.22%
08/22/2008,69.5,-0.07%
08/21/2008,69.55,-0.54%
08/20/2008,69.93,0.22%
08/19/2008,69.775,0.04%
08/18/2008,69.75,1.31%
08/15/2008,68.85,0.29%
08/14/2008,68.65,0.51%
08/13/2008,68.3,0.77%
08/12/2008,67.775,0.41%
08/11/2008,67.5,-0.22%
08/08/2008,67.65,0.49%
08/07/2008,67.32,0.10%
08/06/2008,67.25,-0.50%
08/05/2008,67.59,-0.46%
